cba3a200-79d0-4322-bc1a-cbd16c5eee11,Ahmet Çağan,,,,
625748ed-b240-48c5-bb7c-ef709dd30cc4,Kemani Ali Ağa,,,,
ff343ba4-57fc-4168-a4e9-2141b411e511,Celadet Barbarosoğlu,,,,
18efc693-6570-4546-839c-bdd5c0970edc,Kazım Efendi,,,,
60018146-e2fb-423b-b019-83dbb41a86ec,Hikmet Ulutaş,,,,
763afc61-ff1e-4068-b273-ae2f1e0a8d0c,Hikmet Şinasi Önol,,,,
b0eb3f51-ad13-46ed-9206-f490f7c619eb,Ferruh Yarkın,,,,
ae9fcdb5-87ad-4e4a-9f03-a6b1d22962fe,Hayri Tümer,,,,
add106f1-369e-4843-b6cb-a4b8db9b434d,Oya İşboğa,,,,
630dcf58-148d-491f-a3e6-2325477bc229,Nizamettin Yıldırım,,,,
18f0afc0-beec-4111-b076-09b1230b66f3,Fettah Cankurtaran,,,,
5b46868a-4826-4abf-a06e-01e3a49ce966,Timuçin Çevikoğlu,,,,
320fc06a-5c3c-4c0a-9d35-18765952cf31,Neyzen Hüseyin Fahreddin Dede,,1853,,3
90b1ad62-d0e1-4cb9-bd18-d8f69e5029b1,Udi Hrant Kenkulian,"Armenia, Turkey",,,
097338da-7309-48ed-a24a-3d17a1a3b444,Udi Arsak Çömlekçiyan,"Armenia, Turkey",1880,İstanbul,3
4a2b42d9-1559-47a1-a883-d69467240d8b,Elvan Özbican,,,,
54ed1b63-cbff-44a0-b0d9-30d97b01cd68,Gülcan Kara,,,,
9d742c66-21b2-431d-b5d9-d12bcffff920,Cem Kafkas,,,,
5a9a9af8-a7cd-450d-923c-a0e92f6e2c98,Radife Erten,,1923,,4
2c7818aa-78ff-4010-b14a-b1f496bf40dc,Safa Karakullukçu,,,,
ff6c7c4f-b7c8-4a9e-a04c-612386a4a7b0,Emrah,,,,
d1b101bf-81b3-4c29-b154-cc51fd1d949c,Naci Tektel,,,,
29ae94ad-6f68-4323-b61e-83c103ccd073,Yavuz Sultan Selim,,,,
e30d660c-4fa0-4b79-9f58-c189a072d9c0,Yılmaz Yüksel,,,,4
9f1a5ba0-1cbe-47e4-b030-81b46d58c660,Orhan Saygıcı,,,,
edb76300-a5eb-4136-8fb0-c176eb5a4ced,Sercan Halili,,,,
07da2575-1c19-4839-8d9f-878f25dec12c,Hakan Avlan,,,,
b034e001-0d51-4854-b35b-2111fd74bb07,Muzaffer Efendi,,,,
ef8b2d16-0b5a-4a6b-87ae-ee13eb09e8fc,Hüseyin Suat Yalçın,,,,
a8d2ade6-0e89-4b5f-a5a2-3a1dc0c4aa12,Vahyi,?,,,
e5772213-7f28-4374-b90d-a198fd5697c8,Hintlilerin,"?, India",,,
4d6f30f1-a3f1-4ab2-b986-a40bdda9de5f,Ahmet Şenyüz,,,,
6338f6d1-4df6-4cbf-bdfe-6e7f0ca79603,Fikri Akurgal,,,,
98c42ea0-1cd7-4e03-83be-48dc344fd8b0,Şeyh Rıza Efendi,,,,
a2848287-7be1-4c10-b666-8b46f5532280,Ahmet Feyzi Bey,,,,
121e4ec9-43a0-40fc-bfbe-03c2429856dd,Tandoğan Başkurt,,,,
85603cc9-8048-4533-a4c2-b66082c1a2cd,Gevheri Osmanoğlu,,,,3
7509ec3e-9332-4186-9a1f-c663af5cd4b8,Nabizade Nazım Bey,,,,
d1493ef1-81e0-4144-8a0e-fe458049df91,Ceyhanlı Şair Ali İlmi,,,,
4ab29096-7b0a-4b33-998e-9b6a4a53a782,Kemanî Hızır Ağa,"Arabia, Syria",,,
125ba4c5-fce2-4401-b447-f06418223f18,Osman Fazlı Efendi,,,,
2cde4730-9e32-40ab-8d37-6fcfea7c6c23,Vedat Kaptan Yurdakul,,,,
029ce56d-4532-475f-985c-bd558a90accb,Nuray Kurtuluş,,,,
82de5796-d0b1-4136-96c6-14e06b959319,Ahmed Paşa,,,,
c71405ae-cda2-4f5d-a8e3-15c4eabb71ab,Kaptanizade Ali Riza Bey,,1881,,3
3e753aab-d842-481e-81ea-74918ab1fb04,Cüneyt Kosal,,,,4
1fe3983b-db99-459d-b2c6-07a6b4d0142a,Esra Berkman,,,,
50cd3c7e-aba1-4d35-b9e2-694fea196885,Güzide Saadet Hanım,,,,
d55163ac-f80a-4839-9b04-8623623bceac,Ümit Aşık,,,,
06950eb1-417d-43b8-b864-819323a7ca1c,Hayri Mumcu,,,,4
f6def379-b0fd-4537-9885-db9ceccb7d2b,Lem'i Atlı,,1870,Üsküdar,3
4879cdb8-6a76-49eb-897b-e8a3d74a4424,Erdoğan Tekdağlı,,,,
0f53550e-80e4-48d9-9c52-5851af5a72a6,Sermet Efendi,,,,
bed26819-fe3e-44aa-9ac5-d3835ef107e4,Niyazi-i Mısri,,,,
8ebd18f0-18a0-4707-aacd-bc7e50849fab,Cumhur Tulay,,,,
90574dfc-a899-4985-858e-1910bb8c57af,Gülden Sarıkahya,,,,
c96f78c3-8cb7-4411-a28b-b706ee641aa8,Necdet Rüştü Efe,,,,
31d36a7a-aeb2-4f4f-b230-bafbddc9a7e3,Akgün Çöl,,,,
5774e7b1-c5fb-4155-813b-7f7041f199fd,Hazan Yaakov Kohen,"Israel, Turkey",,,
f731ccc4-e22a-43af-a747-64213329e088,[anonymous],?,,,
c7cb2d81-3603-41e9-a150-47bb4eabbf7a,Kübra Özdoğan,,,,
901da8eb-80d1-4b93-b632-d64195e96c20,Bedriye Hoşgör,,,,
d0463cd6-1c29-4ced-840b-6891da827541,İhsan Bey,,,,
c05d1534-ede0-4d6b-9b26-abac35174354,Medine Karaalın,,,,
5c01d641-1aa6-4623-8ef4-81390e20e25e,Osman Ziyagil,,,,
c4a35aab-7035-4fda-ba2b-b47c00d5d36a,Necati Tokyay,,,,
b53c14c8-1ba5-446a-b2f8-f45c2883d6d4,Halil Can,,,,
b1e00ce8-97e0-4173-8e93-cfa7f3d3ea56,Anatolia,Group,,,
ffe17e1f-324e-4856-9d78-d8b5b119b402,Eray Mescioğlu,,,,
292bf429-b841-4395-9629-6fcff20b9962,Şeyh Ramazan,,,,
b9f68cb6-0fb4-438a-8abc-0a4dce718050,Ayhan Bal,,,,
e236d1d6-3ff7-46f8-bc58-51095d801fb9,İbrahim Hakkı Erzurumi,,,,
dc886aa6-044b-4737-9498-caf65944570c,Udi Neşet Bey,,,,
ca177084-1869-49f8-b81f-3df401b05b50,İstanbul Senfonisi,Group,,,
3cd3882c-00f8-4362-a0c2-ad89ed248533,Robert Schumann,"?, Germany",,,
f1c84d39-4151-40d4-94ce-4211fd670117,Ahmet Gazi Ayhan,,,,
6a1f9f25-0255-4341-9485-e88a5ba08053,Fahire Fersan,,,,
848cfeeb-0d8f-4b8b-9cb8-c735ef08a4d2,Gülnaz Ataman,,,,
07dcdde9-e4fe-4896-ab05-c46dc4e60c61,Ahmet Cevat Ahundzade,,,,
81081f45-a36e-4248-9d33-43d4a3445f6d,Dede Efendi,,9-1-1778,,2
8fe27e3a-82b3-4002-a885-8c521a1bec14,Ahmet Kaya,"Kurdistan, Turkey",,,
cab02cb9-d0b2-4ba5-8ea3-e5c6ab46b005,Baki Kemancı,,,,
321fa912-6c30-4b7b-9ba9-9c98d7304d34,Adnan Mungan,,,,
b8fcc5e3-d0f4-4ca5-833f-189e1495fb0b,Erden Toptaş,,,,
1c766ccf-1d11-4866-9381-2357035f3df4,Rıfat Ayaydın,,1898,,4
63ffccb7-2311-48e5-9d26-4ef24e6c3594,Selami Şahin,,,,4
c8bb49ec-f1b2-4e50-93a8-cd1a5e085065,Zeki Mehmed Ağa,,1776,,2
cd7459af-b0c3-4623-bd27-03a0164add36,Metin Çetinöz,,,,
187c8edf-7924-47c9-9503-ba1ff3e17aa1,Yelda Özgen,,,,
5c3d8f5d-7d2c-4d79-95b5-c2a0116c1c2a,Tab'i Mustafa Efendi,,1705,,1
9f4a4127-616c-4126-97db-637a47a67218,Özer Çelik,,,,
8c386f72-3292-4345-a675-be187b414a5b,Gazi Giray Han,"Tatar, Turkey, Crimea",1554,,1
d25e1f99-45b1-4456-8ba4-e3a96c9372e6,Gıyas Akdeniz,,,,
131622cc-99e9-4878-b2fa-948a1dbabdd6,Mıskali,"Greece, Turkey",,,
d79edba2-8490-4b44-98bf-90090aa762b3,Tanburi Küçük Osman Bey,,1830,,3
a779761d-7b23-4bd9-bdfb-3508cf479a6b,Sedat Yıldırım,,,,
4c0dff3b-fe52-4011-9c98-f4909f2a90a8,Nihat Demirbaş,,,,
0c8e8b5a-a1c5-400d-bc6a-f0928fbf6a79,Fikret Karakaya,,,,
2b814947-2768-4fb5-b70e-5974bd6ffa23,Aziz Şenol Filiz,,,,
2eec1f2c-90f7-4d0c-8a21-72516e3adac1,Selver Tekyiğit,,,,
2f25dbe7-240f-4141-b092-c6f79a9a863c,Halit Bekir Sabarkan,,,,
c880c859-d387-4d18-99db-cc14ef1d82d6,Selami Bertuğ,,,,
f57f6a81-8e70-4a76-8962-8276127cb8f3,Katip Çelebi,,,,1
0ffd23ab-7948-4ed0-bc8e-1c8b99105b3f,Amy Brodo,USA,,,
cfa94338-38a9-43b2-9174-c718216b7a28,Seyyid Ahmet Bedevi,,,,
da0af550-3549-4319-a544-db55e47f03d0,Hocazade Mehmed Enveri,,,,
61d7fca9-0431-4479-a87a-8e5920a32187,M. Aziz Bolel,,,,
fe550387-35fe-4ce4-85c9-2fa1dff301e1,Kara İsmail Ağa,,1674,,1
6b31f595-1fee-4bae-9cf9-fa3810731fed,İbrahim Oytun,,,,
d1233271-3e35-480a-8e34-cc96044d4c5d,Yavuz S. Baştuğ,,,,
582ed11b-5b45-40c5-afdc-c02a77c695e3,Ersin Çelik,,,,
6efe9ce6-9074-4c2b-b7c2-96a1590c3fa4,Malatyalı Fahri Kayahan,,,,
d5fa36c8-8d6e-4fe2-b3c1-50dcf3e05575,Kuloğlu,,,,
7586560f-2457-485e-a099-41b45e9af5ab,Şevki Bey,,1860,,3
59c2dcd6-642d-4cde-ae99-85cf3e0974b4,Acemlerin,Iran,,,
1b4dfd30-53d8-4b68-bb19-741b30d6c346,Dilek Aktaşoğlu,,,,
c9095b1a-6e47-4171-a9e6-6b2e154235b0,Ümit Mutlu,,,,4
379a87c0-8c2d-41af-8a91-b5c947bb4813,Adnan Schanan,"Arabia, Iraq",,,
c4727690-41bb-453b-947d-5ac82a477100,Erkan Dedeoğlu,,,,
17bb72a5-7f47-46ae-8def-c584aa5fc01b,Agopos Alyanak,"Armenia, Turkey",,,
72a46f21-5c99-4c65-9789-fddc1106f651,Kömürcüzade Hafız Mehmet Efendi,,,,
69383479-c20b-4a75-85aa-7f7f1f43a411,Gülderen Küpçü,,,,
0bf88572-db68-4b2c-9a24-45e8cd0279f4,Güniz Akcan,,,,
f5f93b25-cf1e-4585-b274-5942469375ec,Savaş Ş. Barkçin,,,,
104289d6-3517-48ef-bcc0-a9dd80371128,Ali Sinan Erdemsel,,,,
e9bfa361-28a3-407a-bcb2-1e2cfa298c82,Hafız Şaşı Osman Efendi,,,,
fc0d9b40-9192-4fbc-92e1-c5ce2ff722d2,Fulya Akaydın,,,,
77061198-3af1-4599-aa32-a7bc961b331e,Ali Rifat Çağatay,,1869,,3
a93ba906-62a0-4ca7-92ee-7a58f06325d3,Şivelioğlu Yorga,,,,1
b8d1cda0-6a3e-45a4-97f8-6695a41bfd15,Caner Altınbaş,,,,
1ae99bdf-d02b-45c1-bdfd-3d4a4e64ed54,Tahir Mukim,,,,
e9123b97-0dad-4092-96c7-fc7b5790f711,Ali Ufki,,,,
93446659-c396-4411-b6af-2fca42693c16,Halil Edib Bey,,,,
d27356b9-8bfb-4725-a701-f157f1881e29,Bedri Ziya Aktuna,,,,
9c1d93ed-c11b-4601-9e8c-b1d0e90d4c4c,Enderuni Vasıf,,,,
b54d2189-ae9c-49a2-9459-4b670ed9906c,Selim Aru,,14-6-1910,,4
b2415292-1cf4-4dc9-beea-3c350aba930b,Hasan Ferit Alnar,,1906,,4
8bd33ecc-f5ba-4904-8716-084344bfb9e4,Abdurrahman Refia Efendi,,,,
77f07fe5-bc4f-43e3-92be-8b3b842cd740,Ekrem Güyer,,1921,,4
79192ae7-7953-474b-bcd5-fd61bd337bb5,Pelin Değirmenci,,,,
b8b24ca8-e429-414a-9336-272ed8f131e0,Fahri Karaduman,,,,
6613416d-a90c-47ca-828a-bd550a153abe,Leyla Yılmaz,,,,
e3d3f39f-f597-41c6-858d-e04b6ecd65c3,Vasilaki Efendi,"Armenia, Turkey",,,
d227a44e-13fe-4b46-a53f-7e92aaa1d3d2,Cengizhan Sönmez,,,,
8c5d2243-2f30-49ee-9b53-ace79b91b62a,Muhittin Erev,,,,4
197f22ea-f2ab-46f7-8b72-708411107d38,Şadi Kurtuluş,,,,
232c55c8-cc04-4ce4-92c5-633c82c8b380,Türker Dinletir,,,,
c9914ae5-83b4-4940-85f9-499c1021af99,Ali Rıza İnan,,,,
18ea1e6f-a077-4ee5-9564-aa8b9a1f2140,Necdet Atılgan,,,,
e54fd669-ec68-4807-8e9e-dcd861c62f69,Osman Kırklıkçı,,,,
b5481038-251d-4c64-8f33-488c9cb43b3b,Süleyman Taşpınarlı,,,,
7273be74-fdca-4e76-888d-37a84ae20860,Volkan Ertem,,,,
468b84d1-9c90-4ca2-ae14-05d84d575c7d,Ali Faik Ozansoy,,,,
3741ea96-1ea3-44f3-8667-8e7b871ed45a,Hampartzum Limonciyan,"Armenia, Turkey",,,
92f1d15f-ccf8-4625-8810-83d0abca50a9,Zahide Hanım,,,,
63b8b4c7-2a0c-49d2-ab88-428268dc8355,Recaizade Mahmut Ekrem,,1-3-1847,İstanbul,3
2a7896e6-554d-4f18-a5fa-2a0798f102a9,Siyahi Mehmet,,,,
23082065-b1b8-4e97-9298-35dc165a4a36,Hülya Kocabalkan,,,,
62f17594-8339-4119-9b13-e332f50daaa9,Nursen Bayrak,,,,4
6fa6cab0-1197-4d00-b451-275fc6b4caf5,Müzeyyen Senar,,,,
5248e9c5-0cc6-4d45-b6fe-e14fd06a5d9d,Hilal Çelebi,,,,
e43caa25-7e11-46f0-ad03-2db48d2fc4d2,Samipaşazade Sezai,,,,
03ee7b0d-3818-4236-9cfb-14810f310a9e,Şeyh Said Dede,,,,
37a48287-cb54-4f5d-bed4-05063acc8620,Abdülhalim Ağa,,1709,,1
86299acc-2dd4-49d2-b20e-d1707c699d62,Kudsi Ergüner,,,,
57195f2e-4e54-4d79-8aed-13ff990159f8,Mücella Payaslı,,,,
635e2a34-a566-47c4-b61d-fa5d203856aa,Sezen Aksu,,,,4
ea65d7e9-134d-44dc-9dfa-c165e885c6ea,Tuğrul Şan,,,,
b5b62276-f52c-47bc-a86d-76dd39ac7f52,Burcu Karadağ,,,,
1f095cfa-11ec-4b92-8f09-844c585bf7c5,Halil Serin,,,,
4f0848c6-0867-458c-a02d-7d4352643f7d,Baki Duyarlar,,1935,Uzmur,4
229e02e8-845e-4cc6-8b48-2cfdb01d3f85,Haham Şemoil Mendil,"Israel, Turkey",,,
3b46ca02-9fa9-42fb-9101-6ebddde9513d,Sultan VI. Mehmed,,,,
000fa1d5-3e1d-4815-b64b-aa7e1c37973e,Nazlı Kanaat,,,,
78726252-3ef1-42dc-9463-a3cc477b027c,Reyyan Kurbani,,,,
1a419b79-ecfd-4253-a9cb-2b09a9be5418,Orhan Veli Kanık,,1914,,4
40d9fa4b-d44c-47e9-91a9-431aeea3d275,Hüseyin Coşkuner,,1910,Çorum,4
54129850-5083-426f-9912-5e59fcc566fb,Şükrü Tunar,,1907,,4
b1713313-a81c-4d15-ad67-e61c61b82c6f,Tamer Ötken,,,,
1fee0e91-31ac-4f09-b531-4bd550bd133c,Udi Yorgo Bacanos,"Greece, Greece",21-9-1900,İstanbul,3
05c2aa7d-e813-44c5-a915-28b3deca8cf1,Nadir Duyguluses,,,,
156ade52-15e5-4d30-9a00-c60bbe2e7f36,Şerbetçi İbrahim Ağa,,,,
ea116fee-ff69-4931-b667-0f1b44bcdff6,Kutbi Dede,,1862,,3
bcc314e1-3322-4579-96d3-bee9e060708d,Serkis Nurluyan (Gololoğlu Serkis),"Armenia, Turkey",,,
0cfedf6c-360d-4325-9907-db735faac4f2,Hakki,,,,
d065c3b0-965d-4010-93a2-d2d45977fa58,Medih Egemen,,,,
f4782cc2-8c3d-4c21-a625-b29049781ae9,Ahmet Cengizoğlu,,,,
d98532b4-a259-4d55-b404-48a19eb6764a,Hayri Yenigün,,1893,"Kumkapı, İstanbul",3
b521c928-5ef5-4463-acef-919a174e43c3,Mithat Ömer Karakoyun,,,,
6b87e189-fd4c-440c-996b-70617fff97a6,Bahadır Şenel,,,,
5ea608eb-36e0-45b7-ab62-03557400c4cc,Cengizhan Altuntaş,,,,
73ff78e8-de82-4622-a66c-ffd80afb1e5c,Bahadır Özüşen,,,,
ccd92931-b59c-4077-b70d-8bc8db06d871,Necip Mirkelamoğlu,,1922,"Urfa, Birecik",4
f3e27ef1-f4b5-486f-a0a7-8f812d2a3420,Ayşe Taş,,,,
edc19ca1-5ff3-4c7c-8697-d091af8c91ef,Hasip Dede,,,,
0797d1e6-638e-4da5-8fc6-ad442fcbcedf,Buhurizade Mustafa Itri Efendi,,,,1
039679c2-d725-4105-90f4-91b568fec6e9,Bahri Güngördü,,,,
a18f7c1f-337f-4f5d-ba97-b29c43197eca,Hüseyin Mayadağ,,1915,,4
f3f1c380-b9e2-4cfe-8323-0d162d8c6752,Eliz Avaroğlu,,,,
9529b28f-52d7-4784-954a-b58fdacb3347,Rıza Polat Akkoyunlu,,,,
91643742-9dd8-4aaf-a643-25f60336e1e9,Uğur Onuk,,,,
5d91f2d7-f64f-4763-87df-4033f7491f06,Sadettin Heper,,,,3
18beb8d2-6197-4a60-adaf-66bdeca15132,Fatma Nihal Erkutun,,,,
d83c933d-6dbd-43ec-97b6-ea8419f7d326,Hafız Şeyda Efendi,,,,
b5641914-96a5-4a19-8882-2f2bfaf600dc,Ziya Özbekkan,,,,
46f3fd59-01d7-4769-8e06-2247a271cb3f,Bedri Noyan,,,,
6b1d97be-c54b-4289-9198-a76aa1308165,Fadime Göymen,,,,
118c2fc9-00fe-4206-9ae5-cf8d07de3c99,Necmettin Halil Onan,,,,
8a6ab24f-6849-40b7-92fa-03d23280e014,Ümit Atalay,,,,
d1d73917-2f22-448e-a795-993b3c6891f3,Fatih Salgar,,,,
f251a68e-27c5-4560-81f1-f3493644b469,Gültekin Çeki,,1927,Antalya,4
1e42b1b4-f389-46fe-b6b7-1b4a731ade16,Nihat Adlim,,,,4
3c555d1c-e392-4bd5-abf2-a638a9712f03,Ahmet Kaya,,,,
7bdbf877-378a-4223-92a8-8100696bc103,Hafız Memduh,,,,
0e927c24-2d86-490d-be39-d10c97841c23,Erdoğan Yıldızel,,,,4
9bc302f5-50f9-4c22-adf3-528874959ad0,Nevres-i Cedid (Osman Nevres),,,,
d07da484-3ddd-4d40-9dc7-d2dfae537bc8,Arif Sami Toker,,,,
18a7fb64-7bfa-434e-8673-b25d88a934e3,Kamuran Yarkın,,28-1-1938,"İstanbul, Fatih",4
07ffc32a-830b-40bf-a5db-c164c65c66f3,Emre Erdal,,,,
46aa52e6-976b-4d4b-bdbb-cc7c2f090d5f,Hakan Özmutlu,,,,
b411ffc2-e054-4d2c-85a3-adfa8f57e944,Corci,"Greece, Turkey",,,
3852847f-8a6c-42a9-b468-90f0a9ba40b7,Mustafa Reşit Bey,,,,
169f9160-ad6a-49db-bf60-1c3435120a9d,Ayşenur Özpekel,,,,
7a39ab7b-9240-43d2-9d6b-5b35b54d0e67,İstanbul Sazendeleri,Group,,,
412606af-a68c-47e5-96b4-724954a301bd,Çorapçızade,?,,,
275d05f3-a41e-4143-b966-5066abd0161b,Halil Karaduman,,,,
ac5ceebc-12de-4e6d-a8bb-1b4b01a041a8,Osep Ebeyan,"Armenia, Turkey",,,
c87ffaf1-543d-4621-b80d-810cbf1a0608,Orhan Arıtan,,,,
ae97dd12-ffc3-45f1-9fbc-0adbc905a6d1,Şeref Mardinli,,,,
0cd24fd3-72cd-45bd-9bbf-4bf57e5ee1f7,Kanuni Ahmet Bey,,,,
ebb16b0b-1ef2-41d8-b4b9-fe54e76122fe,Şehnaz Uğurel,,,,
0ef468a8-bc5b-4839-ac38-11dcae1b4545,Kemençeci Usta Yani,"Greece, Turkey",,,2
24dd63ec-221a-4d17-a91f-598a4bc83f54,Handan Odabaşı,,,,
279adb4a-a274-4f81-b679-48a7f24e10f9,Anastas Efendi,"Greece, Turkey",,,
65cb7f06-a182-49ed-bc53-e7d5f0af6a68,Lavtacı Ovrik Efendi,"Armenia, Turkey",,,
8cd9d680-2613-47c2-8a8a-958f6cb48110,Kadı Fuat Efendi,,,,
b2ee9430-8735-475d-89bf-ca7ee6769fcb,Sotiri,"Greece, Greece",,,
f2cece88-2afb-4a33-924d-56520373131d,Kazım Uz,,,,
3f4ce873-0e1c-45ea-9de5-e398f7a123de,Çetin Körükçüoğlu,,,,
1dc16ba9-0dc4-44eb-913b-a40631872cc1,Celal Abacı,,,,
5321d1e2-e5a5-4d07-9ae7-2840b98f033e,Rabbi Yaakov Kohen,"Israel, France",,,
f0c7ee9a-0490-46f5-8a01-7d489ad1517a,İsmâil Baha Sürelsan,,19-11-1912,Bursa,4
79e9c293-ec08-473e-8e5d-af30472e5772,The Necdet Yasar Ensemble,Group,,,
b36dbc2e-b3a6-43f1-9e33-0b1ac19356ca,Şems-i Tebrizi,Iran,,,
1f82d08c-8312-4d94-8713-109776ff3881,Lale Akay Umul,,,,
d3e36121-7c17-4ba8-bcd0-7929c2baf103,Ayla Büyükataman,,,,
c53f93ac-c736-4972-8d47-1fbc010162c4,Talat Er,,,,
742a0f01-c41b-40ad-b1f7-57ab502ef525,İlhami Güntel,,,,
fc8cf455-c082-4e40-a543-33894135651b,Kemal Şakir Yakar,,,,
9db210e7-3a4c-4e00-b693-8cfe59bc8e09,Veysel Dalsaldı,,,,
e504a080-2092-4855-9135-45914556ca70,Vahit Anadolu,,,,
27e42fd5-8110-4260-8f3c-9476a4f0403b,Lou Harrison,USA,,,
cd270535-1478-4be2-a690-c467c44503c0,Giuseppe Donizetti,Italy,1788,,2
2dd7b59a-9069-4eec-b69a-b8bc38d60ed4,Ahmet Cennetoğlu,,,,
8eb84904-410b-496a-8afa-d817cfb61c10,Ali Burç,,,,
5ed8e36f-50fa-4912-b380-e0a2549ca606,Alper Uzkur,,,,
6ea8e903-5a2c-4f46-9276-92c44b510156,Halil Uğur Kutlu,,,,
436f4951-8560-4b94-8ab7-d2164183e8df,İsak Varon,"Israel, Turkey",1882,,3
ac2f8c98-533d-494a-865f-a191802adf09,Necla Gürer,,,,
7e7c5048-7bd1-4084-a493-7e0333f69238,Hasan Fehmi Mutel,,,,4
8beac5d4-4e27-477e-afe9-30848fdd6da0,Suphi Ezgi,,1869,İstanbul,3
8c8166bb-744e-496e-aef6-dfe5b92f5eee,Zafer Tekelioğlu,,,,
9138db09-90f7-42ce-a796-93a466491471,Kemani Zafiraki,"Greece, Turkey",,,
2871a8ff-e2fa-4568-9562-0a5e3fe57330,Kanuni Ömer Efendi,"Arabia, Syria",,,2
25dbac1d-b2f3-473d-809e-5227c4b42405,İsmail Bergamalı,,,,
5a1ada74-61ee-4401-8851-463d011e2900,Ulvi Ergüner,,,,
b834b5bb-e52b-448b-9706-e9edf902a51d,Hacı Salih Efendi,,,,
79e18914-03c7-49bb-9c83-ad43bd0c4648,Bülent Özbek,,,,
3f47b9a2-6cda-4451-afdd-35c1b48b62ee,Bülent Selçuk,,,,
e7162ee4-9f30-4391-83f5-e2d64a1c5e01,Kanuni Nubar Efendi,"Armenia, Turkey",,,
4d70bdcb-1d9b-4137-ab88-ef96e26d0a69,Tevfik Soyata,,,,
14ba9c4e-103f-4511-b315-6d4bdea89497,Neyzen Tevfik,,,,
6255c7d8-ff6e-49bb-b707-0cf2967b6067,Leyal Kalecik,,,,
f37d124f-341c-43a4-abbf-f06659132c70,Müezzinbaşı Hacı Haşim Bey,,,,
a8d8d8c6-e785-46bc-9896-f92a1c673a28,Cinuçen Tanrıkorur,,1938,Fatih,4
a8866ee2-0f3b-4492-a2d4-ac1f97adc32e,Avram Naum,"Israel, Turkey",,,
8f81d371-ff6a-4f2d-83d7-f5d5ba89cb66,Kassamzade Mehmet Efendi,,,,1
7f024db1-c696-4423-bae6-38df5cf928df,Bağdasar Ekmekçi,,,,
93f87369-7df2-4b61-b6e6-ea68358562ba,Şerif Çelebi,,,,1
a38e08fe-1387-4388-aced-6d10a8c54457,İlknur Çelik,,,,
c1432312-3f2a-4263-84cf-a667dfcfbf35,Murat Polat,,,,
f4568aa3-8c8b-461c-a7ae-ceeaac16fb8c,Ebubekir Ağa,,1690,,1
6d47c26c-2a6d-4f34-a7c5-4b2bd61b21fc,Serap Çağlayan,,,,
d6b21c04-af22-4028-8688-5de9ffbceb8a,Hüseyin Sadettin Arel,,18-12-1880,İstanbul,3
35318a32-908c-4c1a-97c9-c681bcde6baa,Mehmet Şafak,,,,
3d5af475-4b81-42fb-9fa9-e95b32952238,Teoman Alpay,,1932,,4
a0137b86-f239-4e63-ba22-fb06d5179c24,Ahmet Çağlaroğlu,,,,
4de81b76-c926-4e0c-ab6c-f216adb7322b,Piyanist Cemal Bey,,,,
24d82553-fe99-46ef-89b2-1ace2045d190,Üsküdarlı Nali,,,,
fd95489c-f4e4-44cc-b79e-a2f3bbbf7e55,Ali Tüfekçi,,,,
2adfff63-a20f-473a-9dbf-2d2a41f47ee5,Dilek Yüzlüer,,,,
e969355f-8500-43e3-bb44-177cab7b64a4,Nubar Tekyay,"Armenia, Turkey",,,
8b967fbc-899f-4591-9f96-f5c7615703f7,Ahmet Toz,,,,
ffa76506-f437-4024-9ed2-7e1f7865fd9e,Selahattin Pınar,,22-1-1902,İstanbul,4
da7f671e-8819-4552-9d3d-82284f3e1e03,Fakih Özlem,,,,
789c7542-5f5f-4f7c-989a-3d81569bb8d8,Selahattin İçli,,6-10-1923,Beşiktaş,4
ad17eff3-d5e3-4b6d-8791-867f006afd7c,Cumhurbaşkanlığı Klasik Türk Müziği Korosu,Group,,,
1957f99a-60c6-4efa-ab38-bd8dccd7406d,Abdurrahman Efendi (Arapzade),,,,
2dc10f79-5d9c-4387-ab03-04e78c438cf0,Rıfat Şanlıel,,,,
9aafa0c5-de04-4432-8176-821cf8dd8624,Basmacı Abdi Efendi,,1787,İstanbul,2
ceddc90f-3517-4b3d-a5bf-b6bbef47e2af,Naci Göçmen,,,,
560b87d7-cc6b-47ca-b728-4362e5b61b67,Savaş Özkök,,,,4
edc99105-1f1e-450e-af18-437cfe4125b0,Fevzi,,,,
cf36460f-525e-46b3-95a3-12302f1be1cd,Nurullah Kanık,,,,
d3900d72-850a-4ef7-bad0-28cb85767c4a,Asuman Ercan,,,,
198bfe3b-6111-4b51-aacd-e179b4d1309c,Cemil Özbal,,,,
45ee800d-7362-4509-8193-7bd96a09e864,Ziya Taşkent,,,,4
4105a8bf-11f0-47ce-b2e9-ee522bf0e915,Emrullah Şengüler,,,,
2feb9dfc-cbeb-49d2-8e2a-8bb4d3d70566,İbrahim Tennuri,,,,
7a5f94ee-ed1a-4922-82fa-8df46704048f,Şemseddin Sivasi,,,,
91e1b4b3-26d9-44fa-893f-35fb4cccb213,Neva Özgen,,,,
b95916ed-0448-4f83-9498-c1f3248bad31,Mehmet Ilgın,,,,
653e27dc-a7c5-4280-ae0a-80611943d12b,Birol Yayla,,,,
d93b868a-86ae-4934-8e27-9afa85fac613,Zahariyadis,"Greece, Turkey",,,
bb8433c0-5022-4e7c-a7a2-40f3cd200d7f,Bedii Nedim Bey,,,,
7558ea80-67ab-465f-87d8-633d7285f7c1,Hüseyin Aydın,,,,
953992c4-f829-489f-af89-964306b53aa5,Süleyman Şahintürk,,,,
a6361965-aa7c-472b-a768-fd1372dc563b,Cenap Muhittin Kozanoğlu,,,,4
5eaead0a-22df-4108-aa8a-a72e8825d9c5,Ali Osman Güney,,,,
ef4f441d-c4fe-48a7-927c-794ba7341984,Fuat Edip Baksı,,1911,,4
81287063-9c1b-42f0-bf5a-8ecaf6a84d08,Lavtacı Andon,"Greece, Turkey",,,3
c470e6d2-320d-47a8-9daa-e2febd6cf4ae,Enver Mete Aslan,,,,
87cd8d25-1ff8-4b7c-8fd9-3786a2ff75f7,Rüştü Eriç,,1914,İskeçe,4
ac61be44-cbd3-4f8e-9533-1642439fd34c,Turay Dinleyen,,,,
9cbe44c2-6bf9-4b5b-b377-6bf7718ba65b,İhsan Özer,,,,
9e320a33-64b4-4a67-ae99-98679cdf8718,Lütfiye Özer,,,,
e73e4476-e144-4605-96d0-035b1dade76b,Tuncay Yalın,,,,
9a56c302-69e0-449e-88e6-54f45aff8594,Mehmet Ali Hevenk,,,,
a9238675-1884-40c9-a91c-c0e67d096aec,Niyazi Damla,,,,
70e93031-d8d3-41d9-a11f-8633ef9f55c3,Cemal Ethem Yeşil,,,,
8e08efbf-03e7-436a-a8b3-ded43399e3e2,Bursalı Hamit Bey,,,,
fd98f4f0-7e0c-4af2-bd00-c86cb184a5d5,Özer Uçar,,,,
c7f28dda-d58d-4695-8b76-9831fb42f154,Emel İşcan,,,,
0c27b773-2d39-469d-8ad7-0343e6d3499d,Burhan Tuzer,,,,
ce641d12-e61b-4480-98b3-57f90a265e12,Veysel Güngören,,,,
e3cd7472-7dd1-4b20-bedd-e706ccea5764,Serhat Çiğiltepe,,,,
a8571b9c-31ea-4e53-af67-b1487e1796dd,Doğan Ergin,,,,
80f9f3d7-78c3-4368-ac1a-c20a8e3eabfc,Avram Karakaş,"Israel, France",,,
5bbdd002-8e2e-4529-a9e1-ac30edab9a00,Can Gülbol,,,,
2398b010-95e9-4bd8-98a8-f18d2e42c0fb,Semahat Özdenses,,15-9-1913,İstanbul,4
e56195ea-142f-4003-887b-88722c2d00b3,Ceyda Utandı,,,,
d377326c-6d63-41e4-8dd2-0c435dc207dd,Neccarzade Mustafa Rıza Efendi,,,,
1b8c382b-51d7-4056-928f-a5c8cb803963,Musahip Mehmet Ağa,,,,
30e6c1eb-40f7-451d-9490-e4b81647e057,Burhan Bey,,,,
26d31b66-ec11-4575-b599-6675285e0906,Özata Ayan,,,,
766e2368-7308-4df0-b0e6-b5383f7647bd,Ahmet Özhan,,,,
140a019f-42c2-4c1e-9dd4-244cb773c933,Muzaffer Özpınar,,,,
fab0da06-1307-41a8-ba8d-9548730fa6dc,Asuman Demirbaş,,,,
dcfc8b77-a0f3-4352-9e73-14541036cf17,Dırağman Zakirbaşısı Ahmed Efendi,,,,
b83168b7-91aa-4900-ba25-84146fedf915,Rauf Yekta Bey,,,,
616071df-506c-4802-925a-26205aa8d0dd,Hacer Tısoğlu,,,,
8fcefbe4-9122-479d-9cd9-213e2cfea3f9,Deniz Oflaz,,,,
954f540c-33e4-4a39-8ea4-42b833946f26,Uğurcan Sesler,,,,
d78b0d8d-d207-4ceb-993d-c270caa478f3,Seyhun Çelik,,,,
fe0e21e7-4ea0-4edb-97c2-947dc19843ea,Hüsnü Özenen,,,,
4f0e3c08-8693-4a4a-8a1d-423f6015c5b9,Özer Şenay,,,,
efa05e6c-2bed-4781-8ff8-26583104f241,Hadiye Ötügen,,,,
e94b4f70-045b-409f-b42e-da7c5d67d6ce,Aşık Dertli,,,,
a8e045de-301b-4d45-87a4-22f9d55e8726,Mutasarrıf Hayri Bey,,,,
05ca8423-760a-4687-a57e-10cb590dfc86,Münir Nurettin Selçuk,,1900,,4
faf074ab-5618-49e7-8a01-d8a8d9e2849e,Bağdatlı Esad Efendi,"Arabia, Iraq",,,
b7a90852-ccce-41d8-b085-79da47f903a9,Niyazi Güler,,,,
021d5063-741f-4e57-a40a-af0f249ef567,Güngör Güner,,,,
20c4ad9c-e681-4bb1-97a6-9f9ec46245c2,Tanburi Aleksan Ağa,"Armenia, Turkey",,,
1737283a-f73b-40f1-b153-4dff8841435f,Rıfat Ahmet Moralı,,,,
4e2f563c-a836-4d0c-8bfb-9b40bff9fed1,Mehmet Erbulan,,1934,Ankara,4
d719e17a-0446-4860-9009-5f5211c1107a,Nusret Ersöz,,,,
3b57c5a0-51a6-4291-b93e-9086e56b9982,Zobuoğlu Vasfi (Rıza) Bey,,,,
4cc5200e-a3f7-4d5d-8b15-9b10a8f9a9a2,Tanburi Cemil Bey,,1871,İstanbul,3
e09a4177-5aad-4b8f-ac48-e57180f51b27,Mebruke Çağla,,,,
92d169ba-62be-47f7-b6f8-b60eb5531081,Nihat Açar,,,,
6256ace7-f139-4a22-a5e2-e9e46bffb0d4,Fahrettin Çimenli,,,,
c7740407-4f91-41a1-80bf-376d5667f7c9,Y. Sinan Ozan,,,,
901b1e24-02ed-4e3b-8ade-08feae6dc873,Sadi Hoşses,,1912,,4
c1284db5-5a8c-4292-8dbd-30d1fa56a0c2,Kevser Sözmen,,,,
45cdfb02-fe1c-4329-9a54-a7e409a3e4b1,Zekai Dede Efendi,,,,
30fb8657-1330-41d5-b2b1-55b4891fd0b8,Aydın Oran,,,,4
4c43ae06-03c2-4add-830b-88a241d123d7,Fuzuli,"Turkey, Azerbaijan",,,
f45c89db-f3f6-421e-a865-266df45efd26,AJS Türk Sanat Müziği Grubu,Group,,,
dff6b05e-8dcf-4d4f-9a72-e2c8c960e98f,Adnan Kisaç,,,,
618e982e-4df7-41e5-bec3-674f9fe33e95,A. Yıldan Dirik,,,,
b2d690da-6f16-4c26-aaca-b2b4a824e630,Hilmi Dede,,,,
5eae5fcf-5518-4b68-a8dd-87beb5b0104a,Şehzade Seyfeddin Efendi,,,,
30380155-5974-4cf5-aed9-60371470005d,Yıldıran Güz,,,,
8774c31c-e295-4d8c-b46f-4c5872f5692e,Leyla Saz,,,,
ab40975a-bf99-4223-b768-13495a2d6485,Santuri Ethem Efendi,,1855,,3
e62df7e2-6933-452d-b01b-634be36ed684,Manok Ağa,"Armenia, Turkey",1877,"İstanbul, Üsküdar",3
25890cac-65c8-44c6-ad07-f9684f018bc8,Belgin Gök,,,,
5351f99e-f782-47a0-93e2-0c28795027d6,Mehmet Özkaya,,,,
404404c5-5142-433e-a105-b290feee4a97,Musullu Ama Osman Efendi,"Arabia, Iraq",,,
b7bcb505-3dba-4aad-aaf3-2ac6d1388bbc,Atıf Yar,,,,
8cb229d9-e313-4eed-a665-590cfc1c8115,Savaş Zurnacı,,,,
85015e35-c8d5-42f2-bd68-60483874bf6d,Hüseyin Turna,,,,
252206e0-0045-4b8d-adc6-1bad202ca622,Rahmi Sönmezocak,,,,
1ca1694a-6354-4414-bc3f-9dc0966bf5aa,Kemani İhsan Bey,,,,
aa0562ec-5e6e-4e40-b40f-409692f21ac4,Osman Şems Nurettin,,,,
7d8a76a8-2c80-4c06-a217-eab8938119d8,İstavri Efendi,"Greece, Turkey",,,
1dbb8fd5-7331-46d2-8816-edf2e4392648,Alaeddin Yavaşca,,1-3-1927,Kilis,4
c3f57620-e89e-4b63-bc00-4a100c3e91a8,Melihat Gülses,,,,
63f2aeb9-d399-4aa7-aaef-a47a52038b17,Orhan Rahmi Gökçe,,,,
cd5ca488-8006-4df3-93ae-26968d15c9cc,Boncukçu,"Israel, Turkey",,,
00380b03-40bf-4c21-bff1-4752f5edbbad,Yusuf Çelebi,,,,
530bbaea-d6c0-4f9e-a04d-f51eccee42f7,Kerem Karakaya,,,,
75839ef8-3a89-4d33-b618-c0f7ad213015,Hafız Sami,,,,
8dc06d98-29b1-4803-9932-4fce9226167a,Udi Ekrem Bey,,,,
1ae79bd5-b329-4302-ba31-919df715f2fc,Alp Arslan,,,,
9068602f-10ab-4f70-a714-5998e892d834,Udi Marko Çolakoğlu Efendi,"Greece, Turkey",,,
f0a5ad6e-5fda-4ef8-8412-092edf2be929,Kemani Yorgi Efendi,"Greece, Turkey",,,
b2318484-193d-4692-b691-08b4f3d46fb4,Mehmet Sadi Bey,,1839,,3
0ea6df7d-8fbd-47e0-9c16-c55c8c4ff171,Nuri Halil Poyraz,,1885,,3
fbd684b5-7204-4e39-9286-ad4ae5eb481b,Başar Dikici,,,,
ea7500a1-3816-4207-84b0-897d7e2950ef,Hamid Refik Bey,,,,
baedc58c-6f8c-4845-8ebe-1e3941017693,Vehbi Cem Aşkun,,,,
5b39d6a9-f5a2-459e-ab1f-05e484cb725d,Melek Hiç,,,,
41b5769b-400d-471d-83b9-ce87a8f01dc3,Tanburi Emin Ağa,,1750,,2
9157531e-ba32-46e7-8c60-1a66c99f2ace,Tateos Eñserciyan,"Armenia, Turkey",,,
6c751c75-a00d-4abf-bfae-3dbb2c49adfe,Zerrin Karadeniz,,,,
65f0a385-09d1-45d0-9045-9de674ff7d55,Nihat Doğu,,,,
97a14b3a-4efe-4969-bc9d-076138117bd5,Serap Efil,,,,
d58285a8-7708-4079-bede-8906416bc6fc,Zekai Tunca,,,,4
99c4c547-ec9d-4bb8-8673-53a6355dbd59,Kemani Serkis Efendi,"Armenia, Turkey",,,
449541e1-16c5-47c0-bbf2-936c1cd13fc7,Hakan Talu,,,,
e82f2bfa-37d5-4c19-b9e0-abb7ca154425,Selahattin Sarıkaya,,,,
9954d881-1c6b-4de6-8bbb-5ea04ead5d99,Rıfat Bey,,,,
7807a2f2-5673-45d8-afd9-4c5291ab8f5d,Ayşin Ökmen,,,,
f7322eae-aec9-4358-badc-0fa648bf37dd,Callisto Guatelli,Italy,,,
22ce7fc3-052c-49c1-8a3f-979aab2593f7,Gönül Aköz Gündüz,,,,
8b04b97e-4b12-47bc-883a-69d912e12aa5,Gürsel Koçak,,,,
290af48e-412a-4d72-8227-9341de8874ea,Kasım Paşa,,,,
92805785-a644-43f7-8bd8-4dd51bf48529,Cüneyd Orhon,,,,
9fc08368-8470-4d80-9eb7-d50dc5a0f4a0,Kemani Nişan Ağa,?,,,
e259b60c-50a0-4984-bf1e-786e76c5d553,Adnan Yavuzer,,,,
6d185e31-bffb-4922-87f7-2dccb955b080,Mustafa Nafiz Irmak,,1904,,4
93588cf7-65d3-47ed-883b-2d740b971b3a,Tanburi İsak Efendi,"Israel, Turkey",,,
78ef82ca-83e6-435b-bb9a-5264e4103f0e,Selahattin Altınbaş,,1939,,4
66f06c81-daec-4530-bd12-5f3b450c1857,Ali Doğan Ergin,,,,
3cd629ce-a687-43b4-b070-707b85afbd4e,İsmet Olgaç,,,,
a3601977-0014-4508-9ffb-cc438b2e0079,Nâbedîd Cemal,,,,
fcc3214c-4a42-4e97-ba32-91a4d7820594,Tanburi Zeki Mehmet Ağa,,,,
b8373093-c41f-4eee-b7ea-ffaae4398cf9,Sabri Tüfekçi,,,,
a923198e-2d5a-4e97-b313-42084e5a150a,Neyzen Emin Dede,,1883,,2
4c2a288c-6355-4767-b4f4-aa55d260dfa9,Bahriyeli Vasıf,,,,
7852b88e-e5e6-4971-b0a1-a9af541565f5,Günay Uysal,,,,
378998a9-3d0e-4369-93ab-72dc1dd3dc56,Gökalp Yüzlüer,,,,
757cdd7b-b5ee-4ac2-a9ff-0f4ac233f00d,Tekin Gönenç,,,,
4af8e404-4c2a-4ebc-86ed-9acbadd2086a,Demet Gürsoy,,,,
8ea8338b-2894-4005-a039-643c55f3116d,Nef-i Ömer Efendi,,,,
ae2b6614-e6ba-4eef-8d94-c75d495d3a3d,Dürdane Altan,,,,
03d362b0-4c8f-4d86-8ee1-aaa039f3f7f8,Cem Oğuz,,,,
b5e2f977-cadd-458a-8171-cafdfe6a331c,Fahrettin Yarkın,,,,
a1383787-7039-45e8-a0ad-0012f472439f,Rıdvan Aytan,,,,
76bc537b-6d25-4f91-86d5-ca147a1d66d8,Serap Kuzey,,,,
b8e18b27-835f-449e-a99e-8f31408ed448,Mehmet Ulusoy,,,,
bcf63499-d8e2-4ebc-a19a-06d80018559d,Seyyid Ahmet Ağa,,,,2
b2924040-d3ef-4fe6-b54b-3b91d907544d,Seda Gülbeyaz,,,,
5982d282-4f86-48e9-b311-afaaa64a8732,Reşat Özpirinççi,,,,
4a062748-b2b4-4b60-b5e5-46b68f29dc1b,Aleko Bacanos Efendi,"Greece, Turkey",,,
a562cea9-3fe4-4007-b426-56cfbadaa280,Hafız Aşir Efendi,,,,
a5cf3391-1887-4018-82fc-9f29331b938f,Faize Ergin,,1894,,3
48c934f1-1276-4fb0-91cc-beda51fb20d5,Ünal Yürük,,,,
1a4a7cd1-a3ca-43ba-a4d2-b0c7032289a1,Muhammediyeci Mustafa,,,,
a9ca273f-d355-4199-a752-2150bae33222,Veci Bingöl,,1887,Kemaliye,3
46328ba4-2bdf-49c0-8d2e-d771ab65fb91,Şah İsmail,Iran,,,
ad21dcd0-0028-4096-81b4-01c20bb179e0,Recep Birgit,,,,
3e9a20ba-7126-4eec-8b20-3b9f15f44267,Kanuni Arif Bey,,,,
511b2be9-1c60-4557-9ce4-239e582a3bfb,Nefise Özses,,1908,,4
a5e88a2e-f405-483d-8a3b-3e55c2113acd,Osman Erkahveci,,,,
35f1b9e1-9a40-44be-a0d5-7b089ff07f53,Güngör Hoşses,,,,
6aca5d05-8e09-49e1-8882-92058e6b3471,İbrahim Altınbaş,,,,
36e8968e-2b15-43a9-a79c-c70e0a6f5ed8,Mesut Cemil Bey,,,,
7df55f83-8306-41f3-b7cb-1210bcb255e3,Necip Fazıl Kısakürek,,,,
3bef04a2-86bd-427a-9e98-ad8fd9c1e3dd,Dürri Turan,,1885,İstanbul,3
a6592b6f-a8d8-41a1-8b9e-044dc9e69805,Ali Sarıgül,,,,
2fbfeea4-cbe6-49e7-9470-59a36d8bcbe5,Ozan Karataş,,,,
5465bd5d-3f5a-4461-b04a-222c25e4acb6,(Şaşı) Agop Ağa,"Armenia, Turkey",,,
f813371b-ce2b-4d9c-b134-6662fb47285d,Nasır Abdülbaki Dede,,,,
e1b90edb-50d8-4b42-a349-904d7d8787ca,İsmail Dalkıran,,,,
44240d48-407a-4a06-9375-268aa4d143c0,Mesut Kaçaralp,,1909,,4
c9c35bfc-c0bb-47ca-8784-f057a51c5f9f,Paraşko Leondarides,"Greece, Turkey",,,
8c90679b-cc2a-453f-a3c2-19976ffaa367,Kemençeci Nikolaki,"Greece, Turkey",,,3
bb506e3b-7a44-4416-87ec-08a553f61e1f,Sadiye Erimli,,,,
1cf62c57-fb17-40fa-b908-1044b91c5498,Udi Sami Bey,,1876,,3
4d48dadb-641b-43d8-97e1-f11704aaad64,Özcan Büyük,,,,
7ef61959-65f2-41ab-9ae2-ba890812b7b4,Bekir Sıdkı Sezgin,,1-7-1936,İstanbul,4
df01d2b0-d8e4-447f-a5f1-034b9587ca83,Ahmet Yatman,,,,
5f13a105-1518-47a0-a776-cd16ab2e5192,Mustafa Kovancı,,,,
e605a14b-3355-483e-ad8f-405de3e3927a,Kenan Yusuf Bey,,,,
d21e2c0f-bd66-46bc-82c3-5addf02c90c6,Haham Nesim Silviya,"Israel, Turkey",,,3
c43735a8-be52-4870-a620-ffcbc980c7e3,Kul Mehmet,,1600,,1
76c47a38-b8cd-42bb-a484-5a7aae00e381,?,,,,
848de204-8328-4c04-b932-11b9cf752a6b,Nevin Tanrıkorur,,,,
c9809367-e347-417f-8dd9-d0f8adbdb5d0,Ayangil Türk Müziği Orkestra Ve Korosu,Group,,,
ed8a6a89-a02a-4f12-bcc9-b883263d77e3,Mahmut İmre,,,,
eec97a99-ab73-4707-84b5-d7a7e667cb11,Safinaz Rizeli,,,,
d916d7ee-b1e0-4026-be54-3e284893d7a6,Ahmet Yekta Madran,,,,
e4a9d442-4109-4e7d-91a8-59092451e3c0,Kemani Todoraki,"Greece, Turkey",,,
bfb3c881-6890-4ecd-8e21-75def0fd6109,Mülkiye Toper,,,,
1f24da91-1975-4295-a163-b3e4c0a21ff1,Celal Çetin,,,,
6a2ec216-ce93-43ac-af9d-5746c78590dc,Fatma Sevran,,,,
b38d3012-30bf-4bef-b8e2-e1a7d736ff13,Numan Ağa,,1750,,2
61d8e82a-8ff3-4675-ac31-df67a14dd772,Kani Karaca,,1930,Adana,4
e8c0fddc-2ba0-494c-90a9-9ad51d01619d,Nuri Gün,,,,
7e8c9b77-ee34-48d7-a99b-e5b5d69bbf3f,Ali Haydar Abdullahoğlu,,,,
bf5287df-65fd-4579-993d-e7b08fd1f829,Mustafa Nakşi Dede,,,,
f1c84d6d-cecc-450c-9987-9cc30abad6d5,Himmetzade Abdullah Efendi,,,,
ea93ff42-a384-4d1a-8ab8-5ff3da0f829d,Fehmi Tokay,,1889,Üsküdar,3
911610ec-7d05-4e3f-b727-d468a0557c70,Sultan V. Murat,,,,
d18bcad9-42a8-43ef-8d3a-c8f46568770d,Deniz Kızı Eftalya,,,,
043b1165-c0b9-4901-b9eb-e5c0c7de8839,Hafız Mustafa Efendi,,,,
dfe7172f-8f93-4df0-aaea-28053b9775a4,Vecdi Seyhun,,1915,,4
3b681905-d2d7-4d4d-8a0e-3f71a2c75639,Serkis Sucuyan,"Armenia, Turkey",,,
12b365b8-7866-4d90-a0e2-0c2edbe6bb81,Artaki Candan,"Armenia, Turkey",1885,,3
77ae21a0-c742-43e5-8af6-1cdccbab7dc4,Yahya Soyyiğit,,,,
a7fc8bea-1131-409b-8398-cd8886c8d9f9,Fuat Hulusi Demirelli,,,,
654707ee-8fdd-4de9-957e-0ad6ca03f4c1,Mehveş Hanım,,,,3
cbff360d-517b-4fa3-8614-c86a094fa6a8,Naciye Hazar,,,,
b611c81e-2ff9-408c-bfb3-4ad94affbd79,Nevbahar Özel,,,,
82882140-7d52-4d2c-b1e3-eb5187c4eadf,Doğan Işıksaçan,,,,
d4ebc3e7-df4a-4051-a277-ddfc4ccb2663,Vedat Çetinkaya,,,,4
9678045b-ee37-42ea-b183-1c8b5c0cb38a,Walter Zev Feldman,"USA, Israel",,,
4f2ab945-e454-48af-a633-8810818664de,Şerafettin Özdemir,,,,
33f9dca7-4353-474e-b675-1ef58d15f77d,Harika Oktay,,,,
0dd5f3dd-3d09-42fa-af9f-62695ca68fa5,Keçecizade Molla Efendi,,,,
55ca75af-62bd-404f-bbc5-86448a702d54,Çiğdem Kırömeroğlu,,,,
ef422c4a-8938-4551-ab8d-603e533025cd,Burhan Dikencik,,,,
a6fe8566-a246-40b9-8a86-1ada5884ca81,Selahattin Erköse,,,,4
acf4a20a-067b-4766-a1f1-cb4f64cbd47e,İlter Yeşilay,,,,
4e499251-0fbc-4668-84d7-25a61230b19f,Cavit Deringöl,,,,
03abe488-4951-4285-a8fa-9b1cc42bf0e9,Mithat Özyılmazel,,,,
5d5ad617-0b04-4b34-aab7-d8d8eb8cf64a,Kemani Rıza Efendi,,,,
5c0fd424-1e6d-4f62-a53e-1fa5b42093f8,Kirkor Berberyan,"Armenia, Turkey",,,
2a0c7b2e-173c-49a5-ab8b-18fc84dbf5f6,Aaron Kohen,"Israel, Turkey",,,
10985f7e-5c35-4526-8c97-aa8b275f7bbe,Hasan Özçivi,,1925,,4
0e5281bb-34eb-47cf-9088-5388ec8c5294,Lambros Leondarides,"Greece, Turkey",,,
4a1c9cf2-2f62-44df-b432-8cf748328b44,Ferit Sıdal,,1-3-1925,Ankara,4
e49c9894-70ef-4a4e-87f1-7deaccf059d1,Şerif İçli,,20-12-1899,,3
5f84a384-aeb1-42db-a494-94cdc6ef69f0,Nebahat Üner,,,,
d8ab1cd7-262c-444f-8e6b-ee226022a316,İbrahim Uygun,,,,
74f57922-a7dd-4d93-81f7-4be9c173a407,Yesari Asım Arsoy,,,,
0eb3d345-72ec-458d-aa6c-cc4d76134ee8,Ümit Yaşar Oğuzcan,,1926,Tarsus,
b79d25ce-3fd4-42c3-9ddc-ebe6c28c7694,Semih Mümtaz,,,,
b500315b-4bf8-4608-90d7-df447f6845f2,İlham Behlül Pektaş,,,,
2ccc5139-b8de-4bca-b3a8-c30e323b86ca,Furat Qadduori,"Arabia, Iraq",,,
30a3e7d0-5f41-42fc-b2a6-47bc01c3323d,Bolahenk Nuri Bey,,1834,,3
0868a083-608c-41c5-89b0-bc5b9a616dbd,Kudsi Ergüner Ensemble,Group,,,
b0bbd0fe-42f7-421c-82de-f4df6323984b,Meral Uğurlu,,,,
f15aab05-743f-4545-8007-0eb20450d654,Nevin Aymeriç,,,,
27bc8cf5-72e1-4888-87de-259fbcaac3ff,Jacques Offenbach,"?, France, Germany",,,
957d47da-ce05-4b1f-872d-1231fa8800d9,Kemani Nevres Paşa,,,,
4137c070-15b2-4d00-a9f0-3517d02a9ba8,Camille Saint-Saëns,"?, France",,,
bd07b2ee-c7eb-4555-9fba-b1cb638829b6,İbrahim Ziya Bey,,,,
f41946de-2b42-4a14-b599-7473ee1e8827,Nigar Uluerer,,,,
a6775723-69b6-4997-82da-bf230b1f8655,Neyzen Aziz Dede,,,,
ffc5bf1c-cd76-4dfc-a99c-b947fad73cfb,Zaharya,"Greece, Turkey",1680,,1
eefede4f-d1bc-479f-9462-473045549ea7,Ebubekir Kani,,,,
42424947-96fe-41e9-94a8-7a785770c41d,Türkan Şoray,,,,
2ed65e8e-74fa-4f57-ba19-81b7ee39582e,Esma Başbuğ,,,,
27c607da-eed0-4add-ae39-bfb36ae58db4,Isaac Algazi,,,,
adcc32aa-da2b-435c-937c-95bcef1a9d07,Ayhan Gunca,,,,
2745307a-b03b-488a-bd80-5453dc95222b,Hamdi Demirci,,,,
5066dc38-87a6-43c5-a09d-8c251203edbf,Mehmet Erdinç Kadıoğlu,,,,
5a3f39c4-e779-4155-b3d2-b86ac4e8465d,Rauf Alanyalı,,,,
fd8bceee-b3a4-4870-851a-0374f5542751,Bekir Ünlüataer,,,,
cdc69411-25f2-4fe3-88e5-41da2b8c474b,Ayhan Şenyaylar,,,,
f4251bcb-34a6-4333-8129-0c0bc3b96335,Ümit Gürelman,,16-2-1946,İstanbul,4
fa19a8b6-e7f4-40d4-af15-7a7c41ac7d8f,Gabriel Fauré,"?, France",,,
09ace0ce-1dca-4750-96d5-0fa65a66851a,Funda Doymuş,,,,
9e3d9225-72f4-405a-91a9-172339a9e35f,Badi Nedim,,,,
69f50ac4-f907-4935-9f6b-842eeb551144,Figen Akışık,,,,
1b062d75-badf-44e7-86df-25c04c3222e2,Zurnazenbaşı İbrahim Ağa,,,,1
1ed6c08e-9d5b-4e5c-a0a4-41acb3445000,Ceyhun Çelikten,,,,
71c37b8c-d91d-475a-90a2-d34062df0de6,Mustafa Güvenkaya,,,,
89ad4ac3-39f7-470e-963a-56509c546377,Various Artists,?,,,
b9a11258-8957-4674-a0ce-56f10002a98f,Emirgan Ensemble,Group,,,
bd0a6bf6-89b5-47ef-899e-1bc5453fa70e,Ali Rıza Sağman,,1890,"Ünye, Ordu",3
57810d39-de39-4fe2-8e87-2ecb022cd4d6,Saadettin Şenoymak,,,,
750bdc2c-6d90-44fb-b460-075c1e99af33,Koro,?,,,
b6842f4c-1ef8-44a1-a355-2f426f9c2c85,Aşık Ömer,,,,
4bbab141-89a6-446b-b319-63620f34d15b,Mehmet Ali Haydar Paşa,,,,
57d2d2f3-91d7-4db4-9e59-088bf4a19d5b,Tamer Conker,,,,
7ee09fb8-7da0-4546-b7b1-d86d8c38a475,Nahifi,,,,
30dde593-82ef-43b7-9e1a-448fa2248e84,Muzaffer İlkar,,1910,İstanbul,4
947e49b2-20ab-45eb-8972-34ef96b03944,Mehmet Fatih Çıtlak,,,,
d499a567-8077-40e6-a9b6-3a2ab330bf19,Hicabi Bey,,,,
1a495765-049c-44f7-af45-9b0f6685cbf4,Necdet Erkol,,,,
d23e30d5-12b1-4cb5-a129-aff5ffc16216,Atakan Akdaş,,,,
f1f76f16-407e-4f49-8472-0c2ac9a84cd1,Ali Şenozan,,7-6-1939,Adana,4
5c0bf6d3-56f1-480a-a68d-bce3e5e521bd,Kanuni Hacı Arif Bey,,,,
c932717f-84e0-4266-bb31-1a15289b7dc8,Perihan Boran,,,,
b62232b1-e43b-4fef-baff-7495d22a00a6,Ertuğrul Sevindik,,,,
f80b3e2b-2033-427b-9208-572d94d14407,İlkan San,,,,
752f151f-f0e6-4fd9-8390-890b73d43cf5,Ömer Altuğ,,,,
66ec0a7a-13c9-4382-9f02-c5b5ece385b2,Şahin Çandır,,,,
fa179a0b-14d3-4830-a2f0-283ec7804191,Onur Şenli,,,,
50b7df46-6ac6-4f70-a05b-351e01953df1,Ali Rıza Şengel,,,,
4ac98bae-cfbd-44fa-af02-07fe80a38fe9,Aygün Altınbaş,,,,
1a2ff361-6f69-4179-8359-b2a224104675,Hatipzade Osman Efendi,,1640,"Azapkapı, İstanbul",1
02472e35-347d-41e2-b154-0da24d6b620d,Kirkor Mehteryan,,,,
fedc168c-c716-4fa0-a093-7615cfef2d04,Neyzen Raşid Efendi,,1820,,2
b239e9f3-b951-4496-8f42-6ebe25e8a2d7,Ülkü Aşkan,,,,
d5572546-fbe3-4e80-a166-696498bf34b3,Şule Çakar,,,,
0fd6c012-9528-4f31-a85a-25807915b529,Sadık Ağa,,,,
bbc590dd-5865-4152-b677-8723e4a5dc51,Süheyla Moral,,,,
74f357bd-e144-4ace-8ea1-1dd3597faeed,Lale Hanım,,,,
ecd0d36e-6bbe-46aa-8ffc-18d7fdf1e163,Behçet Kemal Çağlar,,1908,,4
1d262c04-8df3-4f72-90ed-e0e0b9027d51,Ama Hasadur,,,,
91b03c48-17bb-48ab-b652-8ed4f940de8d,Çömlekçizade Recep Çelebi,,,,1
56807ea2-8332-4ec8-baea-f3dc57946f58,Mehter,,,,
51c0b22d-3a05-4c21-98b8-0a4aebaf9aa7,Barbaros Erköse,,,,
d1a87d03-b8d8-4123-a1e5-e5fe6d4deaa7,Karnik Germiryan,"Armenia, Turkey",,,3
2ce1bfa4-9470-4863-b39e-50b7379db0c6,Yılmaz Karakoyunlu,,,,4
7f9989b0-8f5e-41dd-bbab-1fff052609e3,Jean-Baptiste Lully,"?, France",,,
face77f7-1610-4a76-bab1-ebedb4fb5c6a,Hüseyin Sert,,,,
72503615-e234-43cb-9784-b411cd95dc09,M. Ferdi İpekçioğlu,,,,
be1eac58-2873-4a41-9890-47e204bb3524,Seyyid Mehmet Nuh Efendi,,,,
29f8e3a7-e2b7-46a5-9f0b-f3f707e0df23,Neveser Gerginok,,,,
36ac45e7-3c28-4302-8d96-1bf70d37c889,Ercan Irmak,,,,
2016a34f-ef2d-4620-aa6b-e0277f1df145,Lâtif Ağa,,1808,,3
d4d0183d-f098-4722-a45c-f024bc4edf90,Ahmet Baki Çallıoğlu,,,,4
72d5925a-c1e2-4e3e-a958-6369d2a65d8c,Lavtacı Hristo Efendi,"Greece, Turkey",,,
aa3ca85c-ee5f-44c1-a082-872baa22e106,Münir Mazhar Kamsoy,,1891,,3
eb150720-40d5-4da9-8c8b-b149601c73e5,Necdet Yaşar,,,,
8f1cdaf8-a380-4691-8a0d-72252169b99c,Italo Selvelli,Italy,,,
801e2b0d-b425-4cb1-8b08-fd187c863f96,Ferhat Şimşek,,,,
5da036fe-7a43-4d10-aed8-00ad32611852,Musa Süreyya Bey,,1884,,3
6413aad7-5e51-4f46-86b2-861cead47c08,Sarband,Group,,,
af6373cb-ddba-4f4b-8d46-b6a6ec124a0e,Memduha Olgun,,,,
3925729c-522a-4592-ab95-dd5d7ed5243e,Sultan III. Ahmed,,,,
73627cad-094e-4be9-a3b5-3b0ecce66cb0,Hazmi Tura,,,,
7b955365-2c4a-42c1-a647-4f905ba741a4,Ahmet Çalışır,,,,
4e145d13-83e5-4635-90f2-2c64a55d4ed3,Söz Saz İstanbul,Group,,,
1de98d89-cd39-46d2-9338-7b6959aa5d34,Remzi Tevfik Tüzümkan,,,,
21da6f68-9427-458e-b60f-1cde13d6f4f1,Papaz,"Greece, Turkey",,,
64944130-34f4-43bf-914f-e741a04e8350,Kempa Yaylı Grubu,Group,,,
19290a9a-c68a-4a48-b3b0-2652e9adfa41,Mehmet Fatih Zülfikar,,,,
1b064ad9-eabf-41a2-ab54-2275c80fb399,Şevki Sevgin,,,,
eae21301-dfbf-4e57-a501-cc52a769f7fa,Mehmet Bahaüddin Efendi,,,,
b2667ce1-97c9-451c-9a3d-e7d29d32abcf,Ferhat Celavlı,,,,
41991bee-ecc1-416f-9351-6cd3f014d887,Şekerci Cemil Bey,,1867,,3
0eed075f-f237-4656-bacf-bc009d303297,Gül Yazıcı,,,,
c6ea915d-3441-48fe-b1ad-e832e1410ea7,Marin Marais,"?, France",,,
645ef10f-0919-4e43-ae49-7e9c3c092edc,Özdal Orhon,,,,
b9f974b0-7f10-4fef-9e23-7cc6cfef6bca,Sahak Hocasar,"Armenia, Turkey",1889,,3
eabca8d5-459d-4e12-818c-a71c2fc75e3c,Neveser Kökdeş,,1904,,4
6d5b1d70-ebb2-4e55-9173-910849c004c0,Saadet Vural,,,,
d326d093-b288-4434-9924-2a261fd8e559,İhsan Raif Hanım,,,,
aa264f58-b745-47b8-b087-f5dd6c11bba2,Kul Nesimi,,,,
f3275e9b-9dfd-4b2b-a327-d7a80b4c19a2,Cengiz Ercümer,,,,
03edbffd-f117-428b-82b0-8321b93fb260,Ali Rıza Avni Tınaz,,1931,,4
3411c847-4801-4a19-893c-521e5719cf44,Şükrü Kabacı,,,,
b80cd1ab-a00c-4f98-89c1-a798deb2d5c2,Derya Türkan,,,,
33193dde-4615-48bb-ae0f-c690264245bd,İsa Çoşkuner,,,,
74172819-3b02-4572-bbfd-cec8ca96772e,Reşat Bilgin,,,,
3ef73005-1e86-4920-8540-8ce0438c83df,Ali Tan,,,,
c2a959ca-b5df-494a-9394-991c62f40b5b,Hikmet Münir Ebcioğlu,,,,4
3fba6277-7367-4d08-89d9-1e6abffb5fa2,Cavide Hayre Hanım,,,,
fbaa6722-c833-4f86-8b27-d2aa0c7feb1f,Kerim Aydın Erdem,,,,
afff364d-a9a2-46dc-b830-9187e7dd285c,Μοναχογιός ο Κωνσταντής,"Greece, Greece",,,
df0ac610-a810-4e74-a767-57fe69495953,Hasan Esen,,,,4
442b5f0b-e5e0-4b13-95f0-3a225fc12035,Fakih Fakılar,,,,
3b574ce5-00f2-4fe5-9b7b-201d168372e1,Samim Karaca,,,,
9dceab3e-0b70-4489-8301-b46b74c6b8a3,Gulam Şadi,,,,
29ea3362-289e-41ac-a119-3b46749abb9f,Mevlana Celaleddin Rumi,Iran,,,
c70ff6c5-cd5f-47ee-af92-7860598c4208,İsmet Ağa,,,,2
f31e522b-853e-409c-97fe-5d3cd59849b9,Hafız Ahmed Bey,,,,
0b5034b8-b744-4fb9-b330-bb8280ab1dbf,Ahmet Rasim Bey,,1864,İstanbul,3
2a6ce2b8-d83f-4971-9180-9d0c89729d96,Nusret Yılmaz,,,,
215b8f8d-353a-455b-8bfd-f341d0f2381d,Seyhan Çelik,,,,
f68f05a0-a602-4071-98a3-2666c50cbdb1,Funda Süyür,,,,
29123d75-cab4-4b18-a498-6d44970e97b9,Adile Sultan,,,,
6c361f74-9e08-4f61-80df-4b456f43a2ab,Gonca Gül,,,,
e1264eb5-b6d7-4c7e-b551-9a6bce7fb64a,Haluk Recai,,,,3
7921bc29-f896-4555-b4ae-82700ffe91c2,Üzeyir Hacıbəyov,"Turkey, Azerbaijan",,,
b8834ca7-ae08-4a9d-bebd-de9031c63f40,Tahsin Karakuş,,1892,,3
879c81aa-5e08-4cf9-8c51-75bccf2b7da0,Bayburtlu Zihni,,,,
853620fb-99c3-4b16-9c27-ee37c4e0a330,Dimitri Cantemir,Moldova,,,
3477c9a3-47b0-4cc0-8acd-3691c2aa7ad6,Tanju Kabacı,,,,
f73934bc-2bd9-4f28-903d-a6384b14a845,Münir Müeyyet Berkman,,,,4
a4ec49ac-c69a-4426-a8d1-f2966745c5c1,Taner Kalkuloğlu,,,,
9d3a6597-d988-40be-82c8-7f888ef9526f,Kenan Verdemir,,,,
396203ef-d0f6-4f7e-9322-0c2120e3ef35,Ramazan Gökalp Arkın,,,,
2ca8b9ee-7c64-4daf-9d33-21902e0119f7,Mustafa Sevilen,,,,
c10e4c1d-6acc-4163-96ad-6b3236cdd991,Ebru Delice,,,,
392e3db3-0d28-4b5e-accf-486eabe6b1ca,Ufuk Çağlar Akman,,,,
ef4e5ece-e67c-4102-80e0-08076e238ae6,Nevzat Sümer,,,,
a4405243-d278-49ff-a6cf-30a6114e8a17,Medeni Aziz Efendi,,23-3-1842,Medîne,2
2f4e08c9-169f-4cfc-bf30-0a419ff30c33,İlhan Yazıcı,,,,
93a32e8a-0b05-41a0-b9d1-a1693809ecf7,Şeyh Galip Dede,,,,
b42c8531-b998-4c77-a49a-7211bc31c98d,Gammi,?,,,
16f6e20e-0674-4880-9497-b231e234b127,Mahir Kılıç,,,,
d3ecbf8a-d5e5-4c97-a8a8-a9301c205115,Demir Karabaş,,,,
4d3ff01d-71c1-4c1c-9a44-4e4448cfb9f8,Özer Arkun,,,,
4542627d-8f43-46bf-9f9c-9ba7a2a0df5c,Enderuni Ali Bey,,,,
c6986a6f-b2d7-4c8f-bead-21e61339d288,Semih Bey,,,,
91fd32b4-ff07-4d62-b76c-d6ef31475ff4,Fatma Onur,,,,
117f2c6c-2e96-4a5a-a13d-d221f63e83d3,Şeyh Ethem Efendi,,1862,,3
280c6cd6-4c35-4d04-9252-76130054e60d,Ahmet Remzi Dede,,,,
0efe3eaa-8c8a-4131-badb-5d44a8311f76,Neyzen Salim Bey,,1829,,2
68245167-a600-4965-8be9-823ad67d5aec,Emriye Gürdal,,,,
d2a94d1f-02d9-44d0-8f68-fee38aedb8aa,Cana Çap,,,,
480aa839-4292-4d95-9fc5-5299217de0f7,Bertan Üsküdarlı,,,,
2759b848-0bb3-4bb7-888d-af3b98973a6e,Suat Ulutaş,,,,
c3930ce3-1659-4ce8-a5bc-845e60defc3c,Hüseyin Aydınkaya,,,,
81b7cee2-03e6-44ae-b9d9-9a4e43f5bc8d,Aslıhan Eruzun Özel,,,,
8ba8c71f-9c57-4ee4-8bb9-65e8279bfe71,Rahmi Bey,,27-12-1865,,3
cc4d073e-03c1-46e0-98a9-2c3f912afc6b,Fazıl Ahmet Aykaç,,,,
0a7cf3b7-97a1-4187-ac32-698a3ceb27a2,Necati Çelik,,,,
e5abd250-2473-46bb-94fb-b44b0c47ffed,Süleyman Çelebi,,,,
9238bbf6-b7c2-41c7-889e-299983dbca79,Linda Burman-Hall,USA,,,
a964daa2-4128-4016-946f-5e610a6f08f8,Bilge Pakalınlar,,,,
d8b6f8b6-c223-408a-b662-f8f1c0df157f,Gevrekzade Mustafa Ağa,,1612,"İstanbul, Kadıköy",1
1011f506-1920-48df-8b3b-5bd9ac2739de,Mehmet Zati Arca,,,,
9c3d7e38-6482-4eee-aca3-6c3a17dde9b6,Hasbi,,,,
f53ebd80-3b85-40ac-84ea-025263e2bbf2,Seyfettin Başçıllar,,,,
5a18e60d-d99c-4a15-ac0d-0a1d48e91916,Suyolcu Salih Efendi,,1806,,2
ded89d5a-ddc6-4074-bd2b-8237b12b9bb8,Dr. Necdet Bey,,,,
cece3abf-2755-490c-b12c-e9663513187b,Aslan Hepgür,,,,
48d12923-c94c-42d1-90a6-50860fac06b7,Yunus Emre,,1240,Eskişehir Mihaliççık,1
757a82e2-feca-4a94-bca7-335aff6d4474,Kemani Memduh Efendi,,,,
133eaa3d-7d54-4ea1-a83f-e9d98379c5e0,Hafız Hüseyin Hüsnü,,,,
c5d3a2b9-3a44-4d08-947d-b36cdb894a87,Derviş Ali Şurigani,,,,
f214cdbd-add6-437d-83fb-b3412530e0fa,Ahmed Arifi Bey,,,,
7e633e7c-c535-4690-8723-79e643824f5e,Şükufe Nihal Başar,,,,
61f7fce2-d647-4d0f-bb50-e3ae683272cc,Gürcan Yaman,,,,
91a4052e-4ea9-4f7b-b6fe-24e5f79ed41c,Ömer Naci Efendi,,,,
9860c725-5af6-4546-951e-592b4dad7522,Yakup Fikret Kutluğ,,,,
65499d82-2a11-4428-b884-3fe9ef0c1091,Kerem Can Özpekel,,,,
a6b7528a-ee03-4e93-8e24-5499d80a6665,Fuat Türkelman,,,,
d7b8bfdc-1951-4c98-bdf6-d9219370c23f,Hanende Aleksan Efendi,"Armenia, Turkey",,,
e26140e6-0b60-4849-8143-c504a96a0139,Hasan Nar,,,,
ed1c6161-6615-422e-93e5-8302ffe43530,Suat Güzeller,,,,
fa8d02f5-e47d-45ed-9194-5d01d956b519,Osman Nuri Özpekel,,,,4
b9313d6d-873c-4cb7-a5b3-15c0ecaf6d91,Mehmet Fatih Uysal,,,,
48f3414c-1138-48c4-8b4a-16fd12ee70bd,Moris Kordova,"Israel, Turkey",,,
f93d07a7-d0f1-4411-bbd3-ef58ac84fac7,Rıza Yücel,,,,
363c34d6-316a-48cf-abe4-3a66a8eac3fe,Yıldırım Gürses,,21-1-1939,,4
3ca8a53c-684a-4b93-8f6d-b97f8b6ec486,Sultan Veled,,1226,,1
4f8a7d9b-7842-46f8-a3f2-c329ac9e3db4,Sıdkı Baba,,,,
811bd547-033f-40ff-95d0-301094b36b8b,Zühtü Gencer,,,,
4b593731-0f81-4e90-ad7a-ffd6be17c5cd,Faruk Şahin,,,,4
12766f8e-beae-4a2e-b77d-bc4c616c64b3,Mahmut Nedim Güntel,,,,
4ce25ed7-1b42-4eef-878f-7b4659fc1bc5,Murat Irkılata,,,,
e20e58d0-35bb-4106-931c-7ec61c96cb4d,İsmail Şençalar,,,,
cfe6aea2-c362-4760-9ad1-b95db1605b6e,Uğur Işık,,,,
15a97ab0-3ea0-46fe-bc9a-d80b8a431f08,Şevket Bey,,1860,,3
c40e59ef-f088-4f03-ac80-ae2d70bbff0e,Klasik Türk Musikisi Korosu,Group,,,
9da0113d-6246-466c-b89f-3d977854f227,Hulusi Yücebıyık,,,,
876501ba-f481-417b-a335-5febf53f6032,Asdik Ağa,"Armenia, Turkey",1840,,3
003426e2-8add-4559-aa64-da0a25ef404f,Sermet Kutluğ,,,,
6e8cf794-ad83-4015-8f50-3c4c75083fff,Oktay Dedeoğlu,,,,
cc0dfbd6-2bc6-472a-b468-45ca08658e7d,Ahmet Muhtar Paşa,,1839,,3
48c754f8-685d-4adf-a10b-f6c324a92380,Bimen Şen,,1873,Bursa,3
28b81a4b-6016-47bb-9423-49651bd869c5,Ama Kadri Efendi,,,İstanbul,1
1d600bae-faf1-4b45-8ade-4a041e7cee1a,Klarnetçi İbrahim Efendi,,,,3
4988031f-ab5b-42d3-aeab-8d8abedfb887,Bosphorus,Group,,,
e71e29ab-8432-4d4b-ac10-324876534275,Lalezar,Group,,,
ece791df-f5c0-40be-83c3-89ded7fd22a5,İsmail Olgay,,,,
3c6965e8-3a05-4dc8-8ec6-b0798ddb41a1,Abdurrahman Şevket Bey,,,,
53b75470-a6aa-4210-ba10-f89036d66169,Taner Şener,,,,4
bfc03772-040f-429d-99cd-b9aa4fc54d39,İstanbul Klasik Türk Müziği Orkestrası,Group,,,
74c0aab6-d465-4733-90ff-aa131622b71d,Orhan Şaik Gökyay,,,,
8c98c6c1-63a8-4573-9a76-31dc41fec8ad,Eyüp Hamiş,,,,
9c4ca0aa-89ff-4711-a9cd-c3817b8abd88,Aslı Gün,,,,
609e25a7-35fc-4f68-8966-72bac90cda58,Edib Nazım Bey,,,,
457a344e-6617-4abb-afd5-15ffbe2d029e,Tanburi Mehmet Çelebi,,,,
25c2fa9c-66d6-4491-876e-dfc9ab66f16a,Dursun Çakmak,,,,
343cb085-38ca-4470-93b7-fb93d592e670,Abdülkadir Töre,,1873,Kaşgar,3
448df366-e3be-4927-aebf-a02aa9a3ebd2,Dilek Zertunç,,,,
bd3818de-5df2-48c3-86e5-59ce1dab8f57,Kemal Demir,,,,
b23c0498-8209-4b49-81a4-57df33f04377,Karacaoğlan,,,,
20c6533c-2abe-42a2-95bd-826770079044,Saffet Bey,,,,
0518ef77-8346-4714-82d3-19adfba375c7,Serkan Mesut Halili,,,,
14286add-0efb-4960-8758-412530af682a,Ayfer Er,,,,
1ea0ce54-0045-4eeb-a4d8-c38dca5e39df,Halit Uzel,,,,
c038fa06-454f-46b1-b10c-1b178dbd9aea,Kani İrtem,,,,
c32214af-4530-4263-91e3-1bf11507044b,Sedat Başar,,,,
828322ad-aab8-4bb4-a9d0-06bfef56ea9d,Fatih Akdeniz,,,,
1a60d39b-5b51-4da2-8d4d-5f0026672044,Selahattin İnal,,1924,Çankırı,4
cec25eef-b8f2-476c-8c8b-44a9bc229b4c,Cenap Şehabettin,,1870,,3
c55af00c-b37a-4bf9-b135-f3344b4bd713,Süleyman Ergüner,,2-8-1902,İstanbul,4
820c10c4-45a9-4463-b7c3-c243847e3d69,Cumhur Kemal Koca,,,,
86c5c438-de64-47f1-8493-55ea44503199,Yaşar Okur,,,,
b9b5561c-8eca-46cc-a2c9-688781959852,Mustafa Sunar,,1881,,3
f7cde484-31d6-415d-a5ae-82ab5a1191da,Mediha Şen Sancakoğlu,,,,4
9e270ea8-5d6a-4b7d-b5aa-f29297a6cfad,Münir Tevfik Uraz,,,,
b93f1b61-ade0-4f5a-bcdf-255d4d223bf0,Sedat Ergintuğ,,25-2-1920,,4
77c0f422-d5b4-4f42-a94a-ec8c1a181463,Tamburacı Osman Pehlivan,,,,
5f9705ab-a601-4bd0-969f-306ed48c5f0a,Burhan Durucu,,,,4
dc758b1c-4eec-4545-8237-3d4a2799d71a,Muhlis Sabahaddin Ezgi,,1889,,3
38753fc3-c849-46e5-9833-8c610fa8004a,Mir Mustafa,,,,
642d2c7e-4b6a-40c1-ba4e-9da9356d5c4c,Ethem Pertev Paşa,,1824,,3
dadf8e3a-bc4c-4a2f-b7de-9f28c9fd44c9,Keramettin Efendi,,,,
b835519a-c5c2-4dea-8798-bc9a559c6e50,Şerif Muhittin Targan,,21-1-1892,İstanbul,3
b88fbb8f-378f-4c70-8af4-99df475f16e3,Ferid Özgören,,,,
91163b8b-de33-4a23-bcdc-fbff68b44c19,Zafer Tahmaz,,,,
4acf1b6d-910a-4540-9a8f-aadcef86eb0c,Niyazi Sayın,,,,
52e512e5-ea02-4d12-963d-24b34b3ebc0b,Zarife Özen,,,,
d1246e00-d12f-4617-837d-3f434bdd5c07,Tahir Engin İçöz,,,,
6e41b6b9-0913-4184-bd50-7cf9146254ff,Flöri Kohen,"Israel, Turkey",,,
4a22433d-c2b0-4aca-b5d0-ff757cc05be1,Angelos,"Greece, Turkey",,,
c901378f-115c-4ce9-85ab-73156e3e177a,Mustafa Özoruç,,,,
bf4156fe-cef4-4e37-a3e1-9b35c19910fe,Aşık Seyrani,,,,
9538059a-7d40-4a96-ac3c-c9f6e5201d15,Gülnaz Rizeli,,,,
e97f134a-30cc-437a-809d-57b297829529,Nursel Ergün,,,,
0165a78d-8d8f-4c16-9c87-475f6a256ece,Nimet Hanım,,,,
b6a31d95-521c-4643-a134-fad05f98e19f,Ali Paşa,,,,
aabffbbd-b75c-4d81-b1a4-a7fbb8ded8c2,Hakan Özlev,,,,
0520fcb2-3f11-45a9-a0bd-7f5845066e78,Turgay Özüfler,,,,
0518ffd6-5b24-46a4-9045-773b741ee5f5,Burak Deran,,,,
656cd4f2-49d7-43c4-9c78-0e3b336b60d3,Turgut Çelik,,,,
1e9a0393-41fd-4e62-be27-533428cdff06,Kemal Caba,,,,
c6309f71-8ecf-4abe-8c99-d971ccca5420,İsmail Özses,,,,
502e0691-2984-4ff7-893b-a66b73b05891,Fatih Zülüfkar,,,,
22fbacf3-8ae6-410e-91c0-a1cb53256181,Haşim,,,,
38709d7c-71bc-4663-8355-c0c62e919192,Mehmet Çığ Turgay,,,,
215fd94e-6a6e-4ab3-98d8-7e81c873dd26,Aka Gündüz Kutbay,,,,
ecdd11f2-f4ff-4085-b719-755b01057eb4,Neyzen Mehmet Bey,,,,
fe051359-5f5a-4caa-9d91-601c246e71ae,Celal Bıçakçı,,,,
ce32b651-c74b-4d87-a37a-ef68d5b7939f,Yaşar Güzeller,,,,
b4bd2653-9631-4457-a6c0-87f32ddaa76b,Bekir Reha Sağbaş,,,,
ef074ab6-a2a8-42f7-a454-068265023697,Aziz Türk Sanat Müziği Grubu,Group,,,
86a2263e-a522-4350-8b58-3a838d5379a0,Akın Özkan,,1934,,4
681c0c9c-ca56-42b7-bd1c-b0041741b157,Ali Sarcan,,,,
eb72192e-ddce-4927-9865-f13c32c68e89,Abdülhak Hamid Tarhan,,,,
ef92981e-27d9-4726-8f61-6d8f159d3428,Oğuzhan Balcı,,,,
32ec33e2-37d2-4b43-a16d-31357bdd72f6,Sevim Okay,,,,
12b00650-4404-49eb-bacb-cf9ce5ee22cb,İnci Yaman,,,,
6a682b11-bd13-4d4b-9c92-c9fe004d004f,Hüseyin Vassaf Bey,,,,
60b5802c-e65b-4bcb-855a-72c25a1793c4,Müzehher Yurdak,,,,
0abb62c1-0d4c-453f-aa3d-6c651a3c2557,Yusuf Ziya Paşa,,1826,,3
213798ce-89ae-471c-9505-413c447c2bc6,Mahmut Kemal İnal,,,,
f267fb28-45be-407d-a8ad-61fb4951bb84,Hafız Yusuf Efendi,,1857,,3
bff98c5f-d899-4878-8961-8c76978dba07,Metin Pütmek,,,,
8ac55648-0c8a-4d25-ae14-1d737e408d95,Saime Sinan,,,,
09a33835-1bb4-4b4d-aea9-01f0dfbe9008,Melahat Pars,,1918,"İstanbul, Fatih",4
c0818ec4-6ef2-4405-b3ca-fe2c40d54a4b,Murat Kadir Gök,,,,
7608f1ca-51f8-401f-8ed8-ec66252a2fb6,Hulusi Babalık,,,,
0684b310-0672-438f-9e77-149e5f34bd95,Bezmârâ,Group,,,
e9bf23b8-0983-4c7d-9122-ae0acaa307fd,Neriman Sayan,,,,
87a4cda0-e64d-4d03-89c0-bdc8172207e2,Nikoğos Ağa,"Armenia, Turkey",1836,,2
029af383-7a91-43b3-8421-0e7f1449f1ca,Remzi Şentel,,,,
600e835b-4e3e-440f-8c73-8ea03a51c773,Zuhal Eğilmez,,,,
67e283b9-3344-4144-a6a4-cf0ce33f4fe3,Şefik Gürmeriç,,1904,Cisr-i Mustafa,4
2843dde9-4f34-415f-abce-df3c142d406e,Mehmet Dolgunyürek,,,,
5337928f-0521-4946-814c-295351f2ed5c,Refik Tal'ât Alpman,,1894,,3
d936383e-5d7d-4187-80d2-ed3be18e6b0c,Dr. Şükrü Şenozan,,1874,Süleymaniye,4
b3c3314b-a470-4f42-b438-e2d8d81e603d,Çağlar Kırömeroğlu,,,,
7006195d-b28b-4969-ad4c-5f6d2211dbae,Hacı Şakir Efendi,,,,
171cf668-375c-48f2-8761-8a136a207d30,Mehmet Kemiksiz,,,,
23490214-f3f0-4419-9621-e6848ad8a3a2,Muhyi,,,,
a2d55e94-413c-4b5d-8ba0-2fdd4ee1f458,Hamiyet Yüceses,,,,
00e92593-9091-4908-85c3-b30f0ebafbf2,Ahmet Bölen,,,,
86b215f1-7e13-438f-a4fa-3195682780c5,Halil Nihat Boztepe,,,,
8647b6fa-8c47-4d10-943d-a6a3161dafd9,Ahmet Reşat Paşa,,,,
36e04648-0877-4ed6-a3cf-41bab9fda826,Hacı Sadullah Ağa,,,,1
25f9dde5-1f99-459c-884e-98fd3a38ee44,Sadi Erden,,,,
72a54b29-9c8d-4ec7-8c12-233bb9f4551a,Metin Kabacı,,,,
f0111fd3-aab9-496c-8eda-50c034131549,Korkut Samancı,,,,
904c455c-a2d8-4a9e-9dcb-de89df190d5f,Dede Ömer Ruşeni,,,,
5e93f8a4-496f-4c60-ab93-1a5c402bdb35,Ülker Karaman,,,,
aac2ac47-c429-4656-b0b5-fbeae5ccdcb0,Necati Yıldızdoğan,,,,
c8d1b661-57a3-40c4-8891-6b4b1bd4629b,Sadık Açar,,,,
ba5b5d26-59a7-4133-b1bf-f13ae530801b,Volkan Gözübüyükoğlu,,,,
16243f7e-ae4d-4573-9db5-d58d7b10e5db,Ceyhun Çelik,,,,
d904cffc-d0b0-46aa-ae38-d92389dd362a,Amir Ateş,,1942,Kandıra,4
58af6edc-f7c8-462a-90ec-4d5851598a1b,Mediha Demirkıran,,,,
86353e17-d6a3-478e-8a27-a99fe59f7b15,Kamil Bilgin,,,,
347c8bed-dafc-4fd0-877e-a398492fbd38,Rakım Elkutlu,,1872,İzmir,3
1eac0f26-1554-4ae5-8ceb-6ba4635d3738,Cevdet Çağla,,1900,İstanbul,4
beee059b-8470-4163-964c-70a7fb9e4d0a,Bilge Özgen,,1935,Viranşehir,4
182d7cac-7ade-4712-8865-7ecbc98d719e,Refik Fersan,,1893,İstanbul,3
3fb37725-a675-4b4c-86bc-b8f7d4f98177,Sultan IV. Murad,,,,
e37c5c79-0b90-4820-bbc0-839b6f731d2b,Lars Johannesson,USA,,,
1435e016-fbda-499c-8923-22163274cb24,Çalakzade Şeyh Mustafa Efendi,,,,1
31b25eb9-f5a0-476f-be89-09f28b5c1b1e,Zekaizade Ahmet Efendi,,,,
c5bd2eee-7fcb-4cc5-8481-a69f5caded75,Ruhi Ayangil,,,,
64fb3f44-4153-40cf-9e11-6efcd7a5c328,Ahmet Kulik,,,,
3fd45317-907e-45f9-8458-05e8a8ea14ff,Baran Aşık,,,,
23cdc6ce-b3d8-444a-b50c-b8d65b249fc0,Baki,,,,
f26c9314-ba7f-4284-8bab-99686a62e702,Reşid Mümtaz Paşa,,,,
ac2f8c3d-f4bb-4f94-a313-ffde50bea53f,Hafız Mehmed Eşref Efendi,,,,3
a19f7451-fc00-496f-83d4-f4355fd18b03,Bursalı mihran Efendi,"Armenia, Turkey",,,
2208d2fc-b528-4fed-8588-e5fbb7d9f641,Kanbosoğlu Mehmet Çelebi,,,,1
8926a2d1-1470-4b55-8704-3478073c7d5a,Ser Neyzen Ali Dede Efendi,,,,
e867aaeb-f167-4efe-a31e-a3ec1f44d5c6,Nureddin Rüştü Büngül,,,,
daf912d9-a40c-4576-ba1f-39d1cd312cae,Behiye Aksoy,,,,
b1282190-8fdd-4672-9582-761d8e5cf472,Fatine Talay,,,,
fc5118ba-8c27-4cb0-b369-99f4eeef09f0,Nurten Demirkol,,,,
202c36ab-0dbb-4ada-863f-0083f86c19c1,Fehime Nüzhet Hanım,,,,
906a1512-fe34-4f44-b330-5f489f192efb,Leon Hancıyan,"Armenia, Turkey",1857,,3
c534b402-7bfd-4870-a6b4-ac3b10fec6ff,Gülgün Ural,,,,
9bb1c32f-db20-45eb-8741-8770742c0a90,Kemalettin Sami Paşa,,,,
a258e9fd-73ba-42ea-9d66-907588e65113,Aysel Güven,,,,
029d95e2-615e-4a0a-a162-94e1ef18806f,Arzu Kopuz,,,,
ca437e5a-8dfa-4ee7-96b0-de69774365dd,David Wilson,USA,,,
2d9b1b98-0cbd-4aa1-806a-4bd22e800167,Zeynettin Maraş,,,,4
7a07ac41-e006-43c5-b832-163de4220147,Metin Balarısı,,,,
16af5f7b-e5d9-48f1-bfae-ab4a649ce7c4,Hüsnü Anıl,,,,
b05a838f-42b7-4f6c-9ab6-40df768a9821,Erkan Yüksel,,,,
d6f7a647-1f0a-46ad-81a7-bc3c658677a7,Yusuf İzzettin Paşa,,1876,Yozgat,3
4abe7f3d-34ba-43a2-97f6-8ec00d54366e,Vecihe Daryal,,1908,Beylerbeyi,3
169873a1-bd8a-48eb-aab7-8aa61e785ad6,Manyasizade Refik Bey,,,,
507f0f6c-2dc2-4052-8e86-4320160677dc,Hüseyin Tansever,,,,
32a46153-68ff-45b5-850e-240f03dd9ec6,Kemani Bülbüli Salih Efendi,,,,
0dabbc73-f5ff-4097-b0c8-233a5b61fdf2,Gamze Nevra Gülser,,,,
2319bda4-b19d-4d0f-aa64-b1635476a919,Nasibin Mehmet Yürü,,1882,"Kanlıca, İstanbul",3
8da3bb21-5ed8-459d-a4ca-2203039fb0ab,Burhanettin Deran,,,,
ef69589b-9e0f-44a1-8f70-9747adca4bc4,Ela Altın,,,,
019382cb-f1fa-4365-9199-3c56885450c0,Mehmet Bitmez,,,,
8c4eb972-21df-4274-9349-0f68fe2de8cd,Gamze Ege Köprek,,,,
276afb29-206f-47e6-b417-c45544fb9853,Zerrin Naycı,,,,
a2f1a35e-576e-4bc5-ac4c-78e27db33418,N. Bey,?,,,
774f6b21-92fa-4160-93ba-915377a70010,Avni Anıl,,23-4-1928,İstanbul,4
dfdd1eb8-44e3-4780-ad4d-471391c2421b,Zeki Arif Ataergin,,1896,İstanbul,3
92badb61-92c9-43a4-a504-b65b14618e43,Zaharya,"Greece, Turkey",1680,,1
f900658f-e6ab-49fe-ab8c-20ea7aca7e7b,Neşe Akça,,,,
b81add85-5732-4bea-927a-4609122e58f8,Hüseyin Rıfat Işıl,,,,
ec9980be-108c-4aa8-b0c2-53ea2fb7af1d,Rüştü Bingöl,,,,
ffe8a3a9-6735-41de-936a-436d1db7a578,Hanende Karabet Efendi,,,,
1581dac7-06d8-4da4-9642-786382d9bf2f,Küçük Mehmed Ağa,,1734,,2
a2a8f24d-a417-417b-8989-001eb1376fde,Kaan Safkan,,,,
16e35015-db59-4bb9-8169-988c0347e27a,Kemani Haydar Tatlıyay,,,,
72de51ca-873b-4cb1-ac80-edff8018a29b,Yaprak Sayar,,,,
212cf9d2-ebed-40a7-9237-a4e88a2979f3,Orhan Seyfi Orhon,,1890,,3
9acd6222-331d-40c2-b8b4-e255ca014ddd,Ahmet Refik Altınay,,1881,,3
727dc3f2-dc40-470b-9b0a-f6a8f89f6b4f,İstanbul Devlet Klasik Türk Müziği Korosu,Group,,,
2308d30f-73dc-4847-a30b-c7519b2c8c98,Burhaneddin Ökte,,,,
e977a8f9-5553-42c2-9673-b5c654191e48,Hülya Erkol,,,,
7d17332c-d03d-4ae4-a14a-012e1fb76705,Selami Mustafa Efendi,,,,
24526514-70f8-4c41-b518-ed0d23f5eb86,Ali Vecdi Bingöl,,1887,Kemaliye,3
5a68da84-b56f-4780-8f47-3b07e1b4d5a3,Emin Safa Sağbaş,,,,
f369da67-f71f-4f2e-881f-c06eb5ee5de8,Ahmet Haşim,,1885,,3
4fa9efe1-0c80-4a75-b632-3384a84fba72,Salih Korkmaz,,,,4
7a481367-f07e-4fea-92d3-9f7186f2827b,Hüseyin Tuncel,,,,
125d9569-09ea-463c-a7b2-87ca30b55be0,Mehmet Akça,,,,
af7fbd37-e4e3-49f8-88f4-b6d97f81c6a4,Hüsnü Efendi,,,,
23a75f6d-7466-48d9-bd5c-28326ef7f097,Orhan Telmen,,,,
e833ab75-ffbd-4188-b259-a153e85def22,Şekip Ayhan Özışık,,2-2-1932,,4
d8f5b1ff-3e7c-48b0-827e-29a394be3159,Doğan Hoşses,,,,
37ccb351-91d5-4569-88ff-407d0fd8bb87,Mehmed Ruşen Ferit Kam,,,,
c89018e9-78ff-46ed-84f9-597a0d3f49f1,Süleyman Dâniş,,,,
732ece1c-3464-4a22-811b-27829a9ea793,Vedia Tunççekiç,,,,
9ed62346-228f-48e9-9a1d-f6052c982edd,Meral Uğurlu Ensemble,,,,
711bb2e2-1703-4718-819b-198847acf61c,Kadı Üveys Efendi,,,,
bedbf400-d1fa-4797-b319-687217037c0b,Enis Behiç Koryürek,,,,4
a730a172-f992-41d4-8239-4825c21584db,Αχιλλέας Πούλος,"Greece, Turkey, USA",,,
0f7f27fd-770e-4221-94ea-5d147702f153,Namık Kemal,,21-12-1840,,3
402e2016-6419-44e3-97a3-c8434439366f,Vasfi Akyol,,,,
afc80c6a-9858-4ef1-9667-d9ce67a13111,Şeyh Abdülbaki Baykara,,,,
5b69b276-4bc4-49ee-8123-dc8b51a686cb,Atilla Akıntürk,,,,
cb5590f0-8520-4d6e-acd8-ddeb5bae8067,Ahmet Üstün,,,,
ddd9f987-7d74-4579-9a91-950dc11ce35f,Ârif Mehmed Ağa,,1794,,2
3903fb49-ec92-4553-a747-9c658ddc8273,Esen Gülbeyaz,,,,
f17bc18f-38c0-40f6-9fe6-8db483061867,Erdoğan Ünver,,,,
c316d2f5-464f-4808-abb3-194a2248422d,A. Yaşar Bağ,,,,
b1dc745c-ac52-414e-8a1b-42796e9ec531,Muzaffer Birtan,,,,
8af54751-64cb-40fe-8a24-04f8bfb65e30,Halil Soyuer,,5-1-1921,"Balıkesir, Havran",4
53bda8e1-048a-4d13-a242-48a47abb569f,Sultan II. Mahmud,,,,
18433019-873b-4671-a55f-4d4602fc27e5,Lütfi Fikret Germany,,,,
5e2d0f13-26ac-4248-b83f-27c3ed85800b,Bekir Sıtkı Erdoğan,,,,
c53c1e58-4388-4a40-882f-0dead128368b,Esra İçöz,,,,
ff665819-2850-4118-9370-40a8d41ef7c2,İlya,"Greece, Turkey",,,
7cf1ff4d-5468-4f65-b067-fce98f827d9b,Neyzen İhsan Bey,,,,
e93ad632-ce71-41db-9bfa-dec982bc42cb,Kadri Şençalar,,1912,"Eyüp, İstanbul",4
63b2e619-7404-4b70-8178-40e3a604c591,Nefeszade Abdurrahman Efendi,,,,
edf9bbd5-6a26-490c-8960-fda57b0847d2,Artin Ağa,"Armenia, Turkey",,,
6fdaec65-1423-41b0-89d0-e53cffd0706a,Vladimir Ivanoff,Bulgaria,,,
cdb989b5-6c10-4a9f-9788-fc47e3a4733c,İbrahim Şentürker,,,,
3f13ad76-c1c8-40d2-b984-a206dc22eebb,Ali Nazmi Yükselen,,,,
ab923148-30d0-4c94-b5e3-ae7780fa0e73,Mutlu Torun,,1942,"Ankara, Beypazarı",4
a96b1574-0b0f-407a-b11c-e397e39606b0,M. Rüştü Vehbizade,,,,
25e5013d-5537-46d2-93d8-df29843840f8,Zekai Cankardeş,,,,
23d4d20b-a436-4c1e-971d-8ad5ea5cface,Eda Şimşek,,,,
e4a32522-bec3-418b-a881-cb26a3147ed1,İlhan Barutçu,,,,
cbbeca92-343e-43e0-82cc-9193445e14ee,Şennur Güzelel,,,,
380b5d3a-7b23-44f3-abc9-7ac316cb3bcd,Alaeddin Sezen,,,,
74627c36-d382-411e-8a05-38e1d8e86c08,Erol Sayan,,1936,Kastamonu,4
cd8fb8c7-a01a-40b1-ae98-f69ef5686b28,Melda Kuyucu,,,,
bb5f5e0c-6c26-4d03-82d4-4d95a2464cbd,Bahriyeli Şehab,,,,
307a2282-5e23-462b-9e14-922a40ababb7,Bahadır Özel,,,,
2b359294-6708-4aae-b752-ca8d8a10da9e,Ahmet Erdoğdular,,,,
2eb3e579-dae8-490f-9251-c604660f9f0c,Kemal Niyazi Seyhun,,,,3
79b6387c-725d-404b-8d28-8ca9107b09cb,Ahmet Mükerrem Akıncı,,1885,İstanbul,3
3bac5ae0-59ef-45e3-a352-11bf7ba6b53a,Göksel Baktagir,,,,4
f78f9146-6f1b-4c85-a788-5545ab6a34df,שלמה אבן גבירול,"Israel, Spain",,,
9b941ef5-0dd0-46a3-b464-117219568f67,Necmettin Akben,,,,
76384b29-2ad9-49ef-a446-8cc2504afd45,Tuğçe Becerikli,,,,
6d558cf9-871f-4ce3-a663-a1bafa6d3243,Sevim Şengül,,1938,,4
d5914055-7eb3-4f37-a05b-c0749dbc569f,Mehmet Şükrü Alkan,,,,
6e23a81b-7333-475d-b9b7-3e5223005d20,Ali Durak,,,,
025f6ee1-9536-4912-8758-20fbecf9b26f,Udi Nevres Bey,,1873,Malatya - Yeşilyurt,3
9a4ac46f-f63b-4e05-9fdd-8f0366338df7,Taner Demiralp,,,,
e3e7e357-90d0-4f7b-96f5-26dcd0ae9fde,Ünal Ensari,,,,
4f7b3d61-1269-4e08-b72a-dbb16d69674b,Mert Ataman,,,,
e92a1226-c0a8-490f-b09b-eedfdfc5fedb,Turgut Karadeniz,,,,
78bf0bf2-7f5c-4287-b683-a373b5943568,Haluk Öcal,,,,
3c5b9de2-0acc-47be-b925-0a1ba847f38f,Koray Ekener,,,,
92389645-d99e-4aff-8960-bffb5d3c29ba,Şeniz Erkök,,,,
02cc126b-f1c4-4cd8-ad3e-34003a97a2ea,Kasım İnaltekin,,1925,,4
2cd8043f-74e8-460f-ae85-2de95b4b41b8,Bekir Mutlu,,,,
ab5298b8-7520-42b5-92a1-721464c963a1,İlgün Soysev,,,,4
f1c110ef-f34d-456d-839b-4142c05c8b41,Firuz Han,,,,
8cf45553-41e7-4544-8070-45ff74f7fb18,Ahmet Kadri Rizeli,,,,
8e9d6e61-65cb-437e-9291-df8f1908aff7,Adnan Üryani,,,,
ccce3579-4b8b-4d3b-9662-ee2bb005c8a6,Samih Rifat,,,,
70d87d4d-ef71-4dac-ba80-d422fa4c4ffe,Hasan Oral Şen,,,,
f4bac1bd-5add-4e1f-a095-d438b12777c3,Turgut Yarkent,,1916,İstanbul-Üsküdar,4
5b9d93db-9bbc-4150-8fd9-a9e7fb7b1428,Ben Jonson,?,,,
a7094bd1-144e-4d05-b4b3-08f16727d856,Ayşegül Keskinkılıç,,,,
547233bf-db9b-48dc-871e-c4fd9181f341,Afet Mısırlıyan,"Armenia, Turkey",1850,İstanbul,3
156b7534-053e-42da-ada3-a0199f1cff2c,Süleyman Ergüner,,2-8-1902,İstanbul,4
cead892f-2295-4fef-8dc9-62f562f5c32a,Ali Şefkati Efendi,,,,
5554fa81-b1aa-415f-a8d5-6e519a31549f,Yusuf Ziya Ortaç,,,,
3426ca8e-f63a-47eb-9ae0-8883cf80cf61,Faruk Nafiz Çamlıbel,,1898,,4
e996a8b2-88a1-4273-a200-7a8d9c0d43e9,Banu Akseli,,,,
7cf209dd-8486-4832-b87b-23540156e1ea,Ahmet Necip Paşa,,,,
b3c9ed60-289f-4635-976b-ce8a7ded20fd,Erol Ünal,,,,
ef7f9168-eec5-4ecd-a142-132ef3355fc1,Ercümend Batanay,,,,
7f9e4467-51cb-4164-a6ca-f34c75021412,Damat İbrahim Paşa,,,,
67750263-6045-40be-b1e0-b7762ce1a339,Emin Ongan,,14-9-1906,Edirne,4
0d7f07ff-fcf7-4733-9cbb-8e6acebb9a5c,Girliftzen Asim Bey,,1852,,3
49151a69-764f-41ec-aade-f5cd2c5dc20f,Nurettin Çelik,,,,
692042e6-8cc4-4a5f-8e71-d3c3c07de89c,Sultan 2. Bayezid,,,,
c471b92d-9de5-4704-8d85-dc3c51f2cbdb,Salih Çağlar,,,,
4715dc59-ddcf-4dff-ab68-a11eef0a4cf7,Nazmi,,,,
f27dbcf2-0be7-4951-a981-dd2b88e70565,Nedim Ağa,,,,2
a24f74bc-c105-41b7-827b-ff8ca6fc70f2,Denizlioğlu Ali Bey,,,,2
4632b8e5-967d-48aa-a532-655545a49a0f,Safiye Ayla,,1907,,4
51d4535e-daae-4ca8-a997-2216a6f11ef0,Mehmet Emin Altıntop,,,,
e0b1b336-40ec-42a4-afac-ef18ebc330dd,Özgül Turgay,,,,
3753d1ed-2058-4925-8a55-c586e2a967c6,Mehmet Gökkaya,,,,
8ce63a7f-e8a2-4661-b833-d5d2a0085b49,Gökhan Çağlı,,,,
b15afc07-ffaa-42d1-9687-5ff02b30a0a5,Victoria Hazan,"Israel, Turkey, USA",,,
4f4f16d1-e56c-46c4-b458-fdfa61439ad8,Mahmud Celaleddin Paşa,,1839,,3
d9a58619-ec31-4bcc-a0b6-54b6c1e6a96a,Sedat Gündiyer,,,,
a3813dcb-4560-495d-ba4d-c64afd39624e,Benli Hasan Ağa,,1607,,1
d624a228-991a-4c0f-97d0-7f3aaa3dbb2a,Cihan Uzunoğlu,,,,
0507b0fb-8dfc-4ead-bb1f-6e7c56377958,Muzaffer Akalın,,,,
54f879f1-8114-48b7-b892-0d5594c4783f,Tanburi Büyük Osman Bey,,1816,,3
fb467895-d49d-4089-9a97-5b3f672d8ab1,Fatma Apaydın,,,,
17f7723a-fc00-43e1-9ca3-391ab48c5aa8,Abdülmecid Şeyhi,,,,
411118fa-4599-4ea5-9ec8-351dd70f4d73,İrticâl Dede,,,,
1cdd4428-a37f-44d3-b5e8-09bb909db3d8,Sezgin Bademli,,,,
afe4b055-2d1f-401b-8a7f-56b8457e8e9d,Necati Giray,,,,
6475a154-c871-46db-bc20-2fcb4a75fb99,Talip Özkan,,,,
42056731-c9d1-4ea1-be31-3445ee68e033,Tunç Kemal,,,,4
59410310-f103-450f-a529-9f05b0aed4ef,Abdülkadir Meragi,,17-12-1353,Merâga,1
00b6819e-b087-4e46-adb3-21468af822e8,Tayyip Zeki Sözen,,,,
331bf018-55b5-47ad-9a5c-4717ce5f88c3,Çiğdem Yarkın,,,,
d6126451-8a9b-4e59-9c0b-542c5c4b7f78,Bekir Baloğlu,,,,
a5ed5922-db45-4427-a013-d6cdc3de9e23,Hüseyin Kalaba,,,,
8c968ab9-1a75-4ad2-b4a1-faa1f51d0006,Taner Sayacıoğlu,,,,
1919ad6a-7448-494d-936a-2aea7b1162e8,Münir Nurettin Beken,,,,
8d48a4ed-e6d6-4e59-8e06-e13273d8d03c,Yalçın Tura,,,,4
34d08f2f-7f19-472d-9111-8b65d3a48e98,Ahmet Dinleyen,,,,
43f14d88-8f74-4254-9837-6c9350b03f27,Ömer Yaman,,,,
3a57e3a4-4e48-4ce2-aae0-c5b5275721eb,Salih Bilgin,,,,
8efb4ace-5bef-4faf-aabe-55456aedb497,Melahat Akan,,,,
0e831d57-7bca-4065-a022-885121650b2d,Muslih Efendi,,,,2
2e06c7c2-c2fd-4484-8b28-b8d9efe0e9d1,Haluk Derinöz,,,,
efbd6cc5-90c8-4922-96b4-d529773dc3d5,E. Süha Göksel,,,,
59fe856c-ec1b-44a9-92d3-ced039396feb,Hurşit Ungay,,,,
9f8158cc-356f-4f6a-b3c4-9455be7105cb,Zeki Duygulu,,1903,Beyrut,4
a103489e-d97f-4a06-8404-690b1a99bb96,Hüsnü Kayıran,,,,
222d1430-c367-4d57-84c9-5c8e4ed37d53,Unknown,?,,,
3d00eb62-8890-4d08-9c2d-13895dc00811,Handan Karakaya,,,,
e78c0a85-0501-41d4-be76-036bca2df2f8,Fethi Dinçer,,,,
65e0df9a-64a6-450c-acae-009a8c725661,Necip Gülses,,,,4
af9e2a73-7d4c-4b4b-8edd-4ddab4eee132,Güler Basu Şen,,,,
8e970a6c-9604-4d19-b37a-9a555b1c2132,Ayhan Çağlı,,,,
ce647a75-716d-445d-8d12-7febbc6ec67c,Derviş Mustafa,,,,2
4ba81ae8-628d-4d6d-8bdd-b52f2fd94f67,Nuray Gürelman,,,,
ea81a48b-4a10-4671-a04e-30d358793456,Bekir Bahar,,,,
9fe68e33-95ba-4576-9e1a-3dad2c5f3ab1,Şeyh Kamil Efendi,,,,
080432d4-6e52-424d-adda-d5f38947cca6,Hüseyin Fazıl Bey,,,,
353b905e-b996-4914-aa82-af856da5c2ca,Hacı Arif Bey,,1831,,3
dc9bc60d-fd49-4ea9-8790-e6c08636437d,Fatih Ovalı,,,,
74a7b343-f1d9-4274-b46b-1bf1ea62ca2c,Yahya Kemal Beyatlı,,2-12-1884,Üsküp,3
42820a88-1e29-4479-8258-2de9e8e8bf74,Nedim,,,,
08e2029d-4b70-4edf-afa6-b17e88f5c145,Ufuk Caba,,,,
e5592b7f-fc61-42a6-828b-527ed2749c28,Saffet Gündeğer,,,,
c2b0cb83-1893-426f-bb62-feda0bf1608f,Dilhayat Kalfa,,1710,,1
61e65d7b-308f-4f86-8c88-dbb3339011f8,Hayati Günyeli,,,,
960df2de-652e-4fb4-9bdc-5d60af40b3d6,Aziz Şükrü Özoğuz,,,,
4cf7b5e6-3dc6-422a-b1a6-1342340ec041,Seyfettin Uraş,,,,
8133b651-0a35-492a-9db3-99691862c399,Sabih Gözen,,,,
5f3f179e-fd2d-4002-a3f3-04631c51d97c,Hacı Nafiz Bey,,,,3
827fe5c3-bce1-41b5-8bdd-7bbd7889ffcf,Tevfik Fikret,,,,
8bb407f6-3234-491f-8888-a917e690b088,Baha Boduroğlu,,,,
168ada11-9c72-4641-85d4-cb41653576af,Tarihi Türk Musikisi Küme Okuyucuları,Group,,,
252326bc-4b7c-4c63-81c8-43e91d450bd0,Koray Safkan,,,,
1ab5a8c5-4693-43e4-809d-353990423938,Sultan III. Selim,,,,
44f2c917-fc2c-4c45-bc52-c6c57db8cbd4,Sebuh Simonyan,"Armenia, Turkey",,,
5b542766-cd1b-4b70-ae75-935aee1232d1,Hülya Aydoğdu,,,,
1a4f67a6-aa53-40cf-aa64-d732bbac3466,Necmettin Hakkı İzmirli,,,,
b047c014-912f-41ab-83d6-74d794da37ed,Filiz Duğan,,,,
def6ae55-e387-4354-bab9-648666108b41,Alaaddin Şensoy,,,,4
ba01c2d1-0170-4a0a-8761-98013af51990,Fatih Sultan Mehmet,,,,
cf0ff1ec-60f5-41a6-9c74-62802ffbf0cc,Hikmet Kavruk,,,,
bc1ba02b-0b30-43f4-998c-9005d9fc954f,Şeyh Mehmet Efendi,,,,
87692f64-0a6d-4f10-8aa0-876958a7853c,Halit Çelikoğlu,,1934,"Adapazarı, Yukarıdere",4
d1553ce6-8749-4b15-b598-f9d4684719e8,Mehmet Refik Kaya,,,,
ee8e6162-0440-451f-b0fd-2d8801dffa11,Neyzen Musa Dede,,,,
d676bd59-94d6-4019-a7b5-f54e8cc6e6be,Süleyman Nazif,,,,
00435e79-096b-47d7-bf89-5b410a5ff8e8,Hacı Faik Bey,,1831,,3
261f318b-7f99-4941-9c4f-f3739877820b,Yahya Nazım Efendi (Çelebi),,,,
b7a54a70-af18-45a7-9dce-ce6df24377be,İzzettin Ökte,,,,
efbae001-1129-44e3-8e30-7957054f939f,Aykut Büyükçınar,,,,
c5d7aa23-f016-46d2-af85-a2997799da15,Perihan Altındağ Sözeri,,,,
ff3cb25f-a218-4ab0-b1c8-82dc573093f0,Zakir Ahmed Çelebi,,,,
92e61b85-9fd6-4c4b-9d1a-297ffbfbe0b9,Erol Deran,,,,
836daa3d-2a22-460f-96cc-d15481d77436,Ensemble Ulvi Erguner,Group,,,
1401593c-e362-4241-9d4b-292e70bf8ca1,Hamdi,,,,
1e952ccb-4cb1-4cb5-8d1e-d11e021a5c94,Tiryaki,"Greece, Turkey",,,
04b094d6-4b13-4f01-b010-3c96d6561fa0,Σωκράτης Σινόπουλος,"Greece, Greece",,,
3199cbf1-6c1b-42eb-89bf-b3c1d2387dcd,Melih Egemen,,,,
5116a654-9f79-40da-ab59-745e7d6f442c,Yusuf Nalkesen,,1923,"Üsküp, İştip",4
d6f1ed19-4aa3-4062-a5f6-df6f7cd179d6,Ender Ergün,,,,
5121835d-84fb-44c6-8eed-8a8da4c444ba,Ahmet Şahin,,,,
b95f9a70-5012-4b37-b4c0-97ef3c6b48c4,Süheyla Eren,,,,
9f22a2cd-da8a-4b63-ab5b-0dc483c8a4c1,Ahmet Bülent Ekin,,,,
b5db7785-217f-4c07-9f82-225db179779a,Şerâfettin Aydınlık,,,,
c828fa17-19ef-41f9-8734-f7a988c94b26,Kemal Karaöz,,,,
e804c7b7-11f2-4192-aa8d-8915c69f664d,Muharrem Naci Sayan,,,,
4444c884-4115-4a91-8692-889fbeab0649,Şeyh Abdülehad Nuri,,,,
c9fece02-6181-4459-a750-08865607d1b2,Şâkir Ağa,,1779,,2
5668a74b-1da3-4a58-bae1-d69f9fec76d7,Serdar Bişiren,,,,
8b68b12a-6766-4f0c-a27e-88a9c79fdcaf,Nigâr Galib Ulusoy,,,,
397678a7-8d0e-432d-8d8a-3f34502578fa,Lux Musica,Group,,,
d50737e5-05ab-48fa-91ac-a70cfcf01a20,Ahmet Celal Tokses,,,,
d6656042-538c-4a7d-be75-dd2f691493ae,Nazan Sıvacı,,,,
9e96870c-5143-40cd-8e8b-c48995976346,Serhat Sarpel,,,,
f0bacb69-de2c-4db5-86d8-6b2ed706b074,Mustafa Nuri Efendi,,,,
5f7c5fc5-0958-49e3-8e17-d638ddd30938,Sadi Işılay,,5-2-1899,İstanbul,4
d154a130-cc1f-4344-9854-63085bf60a79,Atilla Gündüz,,,,
1e06c969-16ce-4b10-a994-adb30809cde7,Nazif Sururi Bey,,,,
4095eef9-1f03-4292-bfd3-b8ac5c105880,Hanife Keskin,,,,
9b400434-2042-4d42-8193-d9fc7aebf66e,Yaşar Özel,,,,
3d5d48cd-2805-4e2b-8c02-571a9a222bce,Turhan Oğuzbaş,,,,
ac6965c8-cebd-42c8-9e62-5f91d46d0aa6,İlmiye Mercan,,,,
8fc03fdd-6b12-4c52-b4af-2b8a6a49051e,Zülfü Livaneli,,,,
391899d5-99ee-4b61-8609-5303ce60e25f,Esad Erbili,,,,
93506dfd-10cd-4473-9502-47ca826d4278,Eyyûbî Mehmed Çelebi,,,,
51f4281e-a56d-4c21-8fe9-2eb7adba7749,Hazan R. İsak Maçoro,"Israel, Turkey",,,
30abbd33-6752-4833-8589-97c49fa43b5c,Taner Bülbül,,,,
18de8d7e-c7a4-46b2-8d45-0cbe9a70fd3d,Hüseyin Yurdabak,,1931,,4
62b4e370-4207-4206-bce4-5703d0699ff6,Mehmet Nasuhi Efendi,,,,
1aa2ab64-277c-43ef-9978-766a9f13175a,Can Gülbal,,,,
dff226ed-2761-40ae-848b-55b188148c2d,Pir Sultan Abdal,,,,
236f890a-acf4-41ba-bc0a-7a6d97bbb815,Sabit,,,,
a6111807-fadf-4cf3-a102-82a84ee03b6e,Necmi Rıza Ahıskan,,,,
5be15886-d425-4116-bf75-5cba36dd05da,Hikmet Hanım,,,,
732568c2-4037-4aeb-b942-ff71d36c063f,Minör,Group,,,
775e96ea-30e7-4fb0-8857-3c07ae97b9c5,İclal Yıldız,,,,
d9383b3c-59d2-4339-bb1c-c028b77ceeaa,(Asdikzade) Bogos Hamamcıyan,"Armenia, Turkey",,,
4db117ea-b108-4cdd-8e8a-3b4c984a3595,Neyzen Salih Dede,,,,
57ec4576-e8e7-4f47-bb7e-81945c106b56,Turhan Öge,,,,
f7e5d6a4-7611-4fb9-a766-f7a5124963a5,Özer Özel,,,,
7eed3f62-b26a-472d-a231-5165a8951722,Yümni Dede,,,,
d84a614c-9432-4308-b974-f594bbefd8a6,Ali Ulvi Baradan,,1915,İzmir,4
35df8ab1-e5c1-4c2a-9413-60d5ed19d4dd,Ali Sevim,,,,
6e0ca279-be07-4203-8c3a-cddea853b4f0,Nazif Girgin,,,,4
5aa22aa6-5bff-41d5-a982-c87f57607872,İrfan Türkoğuz,,,,
b111181a-2836-4625-93aa-a644ea682dd3,Sebilci Hüseyin Efendi,,,,
76a66676-dc05-428b-ba27-42c0bfd60d00,Seyhan Girginer,,,,
dd64c46b-a44a-4470-833f-36fbfb1f4257,M. Şerafettin Bereketlioğlu,,,,
a3aac337-a8ee-4c61-be1b-6cfe483ccc72,Halil Efendi (Cerrahpaşa Müezzini),,,,
899e9591-4ba1-431e-91d4-418e0a06cb1b,Sertaç Tezeren,,,,
ce5bcfb8-b756-400b-94cc-3204bf2cf0c7,Civan Ağa,,,,3
2a2d0dad-f031-45df-8ecf-d91ece5420d1,Ahmet Mithat Güpgüpoğlu,,1860,Kayseri,3
ea72cc73-500e-45f4-a5f3-8c15ebf9eec8,Ferahnaz Gündoğdu,,,,
51657ae9-50c6-41cb-bb98-8dc4a3a1a24b,Tanju Erol,,,,
aa897fb3-9e02-42d7-8d9c-f4751dd15ef3,Şehzade Sultan Korkud,,,,
0eba0ebf-3ee1-4ec1-b778-50fd314c5185,Hakan Polat,,,,
50611b33-42a1-4cc4-b6dd-1a8716f39f2d,Ahmet Sedat Öztoprak,,,,
ec6ed4c6-d7e4-4911-9234-30720f72abc8,Timur Şenyaylar,,,,
cd904cfa-818f-4533-853b-26f60b3918d6,Çorlulu,,,,
ea744cd2-b5dd-403f-a585-45d308d34ca3,Abū Naṣr Muḥammad al-Fārābī,"Arabia, Syria",,,
74db65a8-3e56-4978-bbc0-6996ae597ec0,İnci Çayırlı,,,,
5e554d65-007b-4906-9a41-1e216e78fd34,Soydan Babayiğit,,,,
da8a84dd-b20f-4bdf-8598-1f62df6767df,Alper Ayorak,,,,
1082c2d9-9896-4db8-a9ad-5ca8bd7b0005,Armağan Boran,,,,
5ccfc982-36af-477b-89aa-5b963f3a9595,Aşariye Hatibi İbrahim Efendi,,,,3
1858ac1b-7c4d-452d-a3cb-dd1d2cafc227,Şemsi Belli,,1929,,4
b98cb28a-036e-4277-83eb-78561da3fac0,Aşık Hıfzi,,,,
04b11cfe-d9cc-4350-852f-4212e2e358f1,Adem Tosunoğlu,,,,
769f473b-a6e8-4424-af35-a552d287ff3e,Mehmet Hafid Bey,,,,
0079c3bf-8de1-4434-a093-ace6b5954ccd,Gül Göre,,,,
da471694-a15b-4063-b0de-fa759babeb4f,Serap Mutlu Akbulut,,,,
97ed45a3-86ec-4367-a55f-7f22dd5154df,Fıtnat Duyar,,,,
c86a0d49-706b-4df3-bccf-10372c6056bb,Sultan I. Mahmud,,,,
125a205e-9c6d-4686-b4e9-a83ab9d19088,Halim Ağa,,,,
c57f5344-b711-4cd5-b7ef-aac28d840619,Yavuz Akalın,,,,
230670ce-4f8c-4515-9a99-b747b7bd53c5,Ahmet Meter,,,,
11239709-0f97-405b-864c-0b599621fb28,Güngör Fahri Tüzün,,,,
b6703f18-adb5-4f9d-b387-d4631558e7cf,Nikiforos Metaxas,"Greece, Greece",,,
9ddd7abc-9e1b-471d-8031-583bc6bc8be9,Пётр Ильич Чайковский,"?, Russia",,,
da15d351-a427-4183-9897-cf1026b4b9b6,İlyas Tetik,,,,
06755383-7bc8-4ceb-af55-bae153ad0419,Baki Süha Ediboğlu,,1915,,4
df347a84-e725-444f-bc3c-88dad8ede531,Sibel Sezal,,,,
1aa10fb2-d9e1-489c-b66f-543e94cf0cbe,Tuncay Düzagaç,,,,
9b7439e5-8c2d-41c9-a64f-94cf9a19aafd,Gavsi Baykara,,1902,,3
a715f2ee-d587-4f90-a17d-00f0441d2956,Ali Osman Akkuş,,,,
dc60b102-ef46-4e27-8378-c03dd185082e,Toni von Gorog,?,,,
acc06ecf-0641-490c-9da6-49f8a785c3ba,Aydın Varol,,,,
70f99988-317c-4acf-bbc7-3d831fb5eace,Ali Ulvi Koruyucu,,,,
88034a8a-0ef7-4dac-bf71-0cb22261c512,Sâmi Aşar,,,,
e9372263-3407-4bcb-aee5-6be28b018ee8,Kirkor Çulhayan,"Armenia, Turkey",,,
d695dfaa-01f8-4a16-a538-5ccbad58de19,Yurdal Tokcan,,,,
d858c208-8ab3-4588-b1d7-f54d24a72f20,Turgut Özüfler,,,,
43cda4d9-6687-4671-82e6-66805df78efd,Sıtkı Angınbaş,,,,
be723577-2fc1-4ce6-8002-1383c0366142,Güzide Taranoğlu,,,,
c449c3a5-50e5-4f95-bfd8-91679861458f,Ahmet Rıfat Bey,,,,
d8d0b08b-4ddc-48da-a608-19584c1e318d,Aşık Veysel,,1894,Sivralan-Şarkışla,3
1170fac9-3995-452e-b977-f28d6e6e56fe,Banu Noyan,,,,
1fc5a935-549c-4d71-b079-1c2c35bad321,Hakan Alvan,,,,
164b81fa-372b-450b-a617-2be2bd38b787,Sadettin Öktenay,,1930,Adana,4
463196f6-9604-49e6-afa2-f6bde8b1c1a9,Neyzen Yusuf Paşa,,1821,,2
322bd2de-0145-4e62-b57e-7597e32419f1,Kemal Gürses,,,,4
f992575c-1c92-4f4a-a026-6bad39bccf0e,Gülşen Bakoğlu,,,,
77a23106-e738-44b1-9b47-624c3f54b4bb,Erhan Engin,,,,
4ebdc514-47e7-4323-9426-8d8450ccabca,Serhat Ersöz,,,,
4a018358-8649-48c7-a6a7-0034cd72ebbf,Cevdet Kozanoğlu,,,,
6609b575-1d69-4c73-b958-9ba2ef2b3b8f,Kadriye Taciroğlu,,,,
a9e984a5-3452-4302-9083-ebc9b117626a,Yavuzhan Erdem,,,,
e4f3d278-527f-4ecd-9c4a-2f661d784370,Galib Çolakoğlu,,,,4
f9cc2940-4724-499d-9f44-2a8aec983ff7,Doğan Dikmen,,,,
028a0dfb-3a56-44b1-87f7-b9590c923d64,Ankara Devlet Klasik Türk Müziği Korosu,Group,,,
2206f18b-beef-43d9-acb6-f1b10843744a,Haim Effendi,,1824,,3
125ec42a-7229-4250-afc5-e057484327fe,[unknown],?,,,
efdcd40a-0c1e-4a08-b560-4bd377444d23,Yekta Akıncı,,,,
7d6012d3-3330-49f5-a9cd-2ecfc76f7687,Selanikli Ahmet Bey,,1870,Selânik,3
4eb19367-3dc3-4a22-811f-d64d5c2b7271,Erol Bingöl,,,,4
1003e32f-bc5d-4f33-a87c-7c363af6c5e6,Nevin Abikebahşi,,,,
9300ce7f-ba52-4dd9-84cd-5314c0077170,Hakan Güngör,,,,
2ee3aa4d-d057-40fb-85e3-a6035d20771b,Mehmet Âkif Ersoy,,20-12-1873,İstanbul,3
761c091c-e5f3-4856-80f9-3a0c5a07bc25,Ömer Öcal,,,,
58b75f6c-40c6-4e07-9882-f735b95cfb3e,Şehlevendim Abdullah Ağa,,,,
cc0cbc0c-6f03-4233-83f2-31eda73048d4,Tanburi Mustafa Çavuş,,1689,,1
efc31ad1-8369-480b-89e2-be87ac9d6211,Udi Serkis Efendi,"Armenia, Turkey",,,
198ed426-f94f-4e47-a7e9-d53bff038c54,Yaşar Nabi Nayır,,,,
77feb136-91c1-4ec8-acdb-b929f62ff157,Necmettin Yıldırım,,,,
12c11605-0634-4446-9553-0c21c3df50f2,Uğur Altınok,,,,
912f298c-90e0-4094-ba34-633b5811ae6b,Hakan Tozkoparan,,,,
1cd3f92c-2b4b-45af-b9a2-b70432271be3,Tugay Başar,,,,
0b8237a7-0fdd-4d60-8603-32253c290d64,Onnik Ağa (Sarı),"Armenia, Turkey",,,
1bbfb4be-4d64-4fa4-ad0f-71ad0787ba30,Reşat Şenyaylar,,,,
7906972c-4510-4da6-a60d-054bffedb6e8,Filiz Şatıroğlu,,,,
e0e11908-64cf-48d6-a5e1-bada84ce43b8,Mustafa Seyran,,1927,Ereğli,4
9b6e98f8-b695-45da-8c9c-68d4bab460fd,Murat Aydemir,,,,
82d2d0c0-3b3d-48d5-ba99-f8ce49d703b3,Mutlu Benlioğlu,,,,
f970f540-19a8-4bb9-aec8-0a687a998dd1,Faik Dinleten,,,,
1c1bdee0-b2b5-4e29-85e6-c3fb873dfdba,Gülgün Derçin,,,,
ab54f5e3-a9ed-4cea-823b-76b76bb2b188,İrfan Özbakır,,1926,Amasya,4
ae94960e-6200-4ae0-a54e-58ca6110672e,Reftar Kalfa,,,,
09bf955b-4109-4d23-8b98-0f16be18f8da,Selver Taner,,,,
a6494103-e916-434b-ac18-433bbad9cbe1,Rıza Tevfik Bölükbaşı,,,,
8904af30-8b2e-46b1-bf66-c8f03a2c4130,Cemil Çataloğlu,,,,
1a568de8-5e5f-4d7e-914c-bb324a673aaa,Derviş Küçek Mustafa Dede,,,,
93e4b711-9bce-451c-a129-635ae58d4dd5,Necati Samancı,,,,
b6e53808-2d26-4f7a-9b0d-5b8fc0154dd6,Neval Yaşasın,,,,
f7ff9d2d-bb1f-4595-b56d-f10099473276,Namık Taşpınarlı,,,,
eeece319-1266-487d-b011-8290eb5cf76e,Mustafa Zeki Çağlarman,,,,
866c178c-be27-4c25-83d9-300643c96ee7,Eyyubi Mehmet Bey,,,,
eb9d70ae-a81b-4a31-bcd6-bd5824cc7eae,Reşat Aysu,,1910,Tekirdağ,4
b96e5799-e349-45af-be73-e63b836aa4ea,Enes Ergür,,,,
ee2063f7-b7c7-4d6e-ab7d-47dab7351f91,İsmail Safa Bey,,,,
13158fb1-a53a-4a5e-9381-7a94be5260a9,Hüseyin Siret Özsever,,,,
df6b3687-8084-496a-a1c2-ac6af6c5952e,Kemal Batanay,,1893,İstanbul,3
2a8a9c73-e177-46bf-9d4e-dac5f44dd9f7,Osman Dede,,,,
fe68ae9c-86ea-479b-9b30-ed2cc0fc3754,Udi Serupe Efendi,"Armenia, Turkey",,,
e3c7ff4d-27fe-4225-9e04-91c84a9a303c,Aytaç Ergen,,,,
e3ee575c-8438-4e04-9790-c1337d93318c,İsmail Hakkı Bey,,,,3
59793483-ee32-4550-bcea-08d573619c3b,İsmail Asım Efendi,,,,
db056f82-e9ae-433b-8b5e-58c291233e27,Riyazî Mehmet Efendi,,,,
0567946d-3c17-4845-a0c1-aec8a3994d35,Mehmet Ali Bey,,,,
e92caed5-9d4d-489b-89d2-38d9eb29f37c,Mazhar Hüsnü Bey,,,,
64b8dcaa-03a4-48e8-919f-362ebb57809a,Tanburi Ali Efendi,,1836,Midilli,2
7658e063-7f0b-43f5-bd55-fed92515ae6e,Sabite Tur Gülerman,,,,
c67b59ab-a764-4cab-85ab-51b1ad39fd29,Osman Bey,,,,
d947f700-02c0-4ae0-9597-212f22db3e05,Angeli,"Greece, Turkey",,,
00747e0a-cfdf-4391-903c-af9c6df6dd2e,Ali Erköse,,,,
e7be9ca3-96c3-407f-b4f5-021c4b5f0108,Yahya Geylan,,,,
5c0f94a8-f40e-45ef-b9ec-98b295cf9ec5,Seyyid Seyfullah Nizamoğlu,,,,
669e7fa0-c006-4ca2-9946-afaf41686ddf,Mert Nar,,,,
160130d5-bf6f-467b-8fee-f31fae1328c7,Buse Sever,,,,
01a5c3c3-d290-46b7-8caa-a248d0a8032b,Halil Dikmen,,,,
fad845cf-ed07-408f-a78f-a04df958f24e,Mohammed Ali A. Hashim,"Arabia, Iraq",,,
06d79222-309b-41e1-b2bc-214bd871af3a,Hafız Post,,1631,,1
15862dfc-8fa4-4ad4-b11c-caae2ec80b40,Hafız Burhan Sesyılmaz,,,,
ff27f2cf-ce90-4750-a452-3df7c931a994,Mehmet Çınarlı,,,,
37ea753c-ae08-45be-a580-516f76ba4cbe,Neyzen İhsan Aziz Bey,,,,
870bc0c9-8cdd-4baa-a874-83cfb92097f6,Dellalzade Hacı İsmail Efendi,,,,
226f0f15-627d-4ed7-9d1d-6c1679660e88,Nevzat Akay,,,,4
65d9ac2a-4142-49d3-b042-42bfee18fac1,Volkan Gözübüyük,,,,
4651bcff-7cad-404d-a962-37d6737b1d3d,Sakine Aydın,,,,
ac745879-58cd-40eb-a4c0-ee57082c98cc,Hafız-ı Şirazi,,,,
61a32817-7ab6-432a-8c87-b0c99880df84,Murat Salim Tokaç,,,,
9a7bd4bf-9bf3-40f7-a056-72d596df184c,İhsan Aslan,,,,
252f77da-a2a9-4708-a809-a82fe0e82be0,Nefiri Behram Ağa,,,,1
e5da5768-add7-4e22-be08-618753c15270,Aziz Bahriyeli,,,,
e26c9288-91f6-4ac7-9883-c570180e9fd1,Ali Kocadinç,,,,
7b7f156a-d357-45b2-a92a-84df09556f80,Ercüment Berker,,1920,İstanbul,4
3dc0f057-6479-4eca-96d1-aa5586b75ffe,İstanbul Yenikapı Mevlevihânesi,Group,,,
600c9840-b883-4585-a976-049beb1757c4,Kerem Güney,,,,4
6f063869-ecd9-4ceb-9800-42e96ffbd4a7,Göksel Kartal,,,,
eb4f82cb-824c-46e8-af21-feafbd4ae935,Cahit Gözkan,,,,
a6d30618-1bb0-43c0-8946-c7e298cd7da7,Esin Dinçer,,,,
28955687-cd92-4cd4-a1ee-0c884e4138d8,Hüseyin Avni Bey,,,,
20794590-b71e-4914-9700-377d10aab1a7,Şeyh Ahmed Efendi,,,,
a7dcad43-5486-47e8-b351-668b63dfad08,Emel Sayın,,,,
69b08ea3-5f03-4d91-85a8-8e6e68336c9f,Latif Efendi,,,,
29e50f8e-0a9f-49d6-81a8-10b4ef33fb68,Şemsettin Ziya Bey,,12-10-1882,İstanbul,3
7a0dc7f9-c550-426f-a935-085a8e86e3e4,Haydar Telhüner,,,,
c9f30e0b-b80e-44ac-bf5e-90ffe365d348,Kanuni Vital Efendi,"Armenia, Turkey",,,
2c42e9b2-01e7-44fe-af25-65205466a976,Mefharet Yıldırım,,,,
345aab3e-dd4b-4677-b415-693aeb26733b,Kemal Emin Bara,,1875,,3
958e9d8a-0421-422d-ac56-96b3bbe486bd,Refik Ahmet Sevengil,,1903,,4
549d18fd-dfcf-473c-91a6-f47e0f793aef,Dursun Karaca,,,,4
89304fb0-732e-4cfa-9213-ca0f34bd94a1,Ferhat Gencer,,,,
02d293b9-8ffa-4cf9-a9f1-19024069e874,Beysun Yıldız,,,,
774058f0-0cd4-471c-8e78-7434258bf87f,Cihat Hırçın,,12-12-1960,,4
d9d25598-6c74-4df4-85ca-f260e87fb283,Ülkü Aker,,,,
60cdd03a-dcf9-4da7-96f7-7b343261cc07,Furkan Bilgi,,,,
31b24c3b-9072-44c5-87f9-7114f4d5c7fe,İhsan Özgen,,,,
b423a629-9203-45b3-9b82-4eb234ddf62b,Faruk Kayacıklı,,,,4
279d2704-2462-4ebe-8230-2fc7af3dcd9c,Serdar Erbaşı,,,,
a079cf48-d56c-4e79-9276-3097a11fa5fa,Şükrü Civan,,,,
2ca83ca9-af24-4ecc-b599-eead9eddede6,Faruk Salgar,,,,
1ea19c2a-1d6a-4228-bdab-3ba8df5d2e0d,Selma Sağbaş,,,,
4065031b-5f10-4630-806e-f0b85a0f51f8,Ahmet Kaçar,,1-1-0,,4
40d4e13d-412d-4056-afcc-f892be3cee80,Enfi Hasan Ağa,,1670,,1
33d1d63e-fa1f-40d4-9da7-f84477ce6639,Abdullah Yüce,,,,
fbcfc468-df4c-4c8d-a5e8-5262624935ad,Kemani Aleksan Efendi,"Armenia, Turkey",,,
53c8a89a-3f75-40cb-b701-03fe3eef5f23,Selim Güler,,,,
bc3cb127-9165-43d8-a7b1-a0e9152c8fe0,Mesut Özgen,,,,
a7003c84-78bd-4ab6-8d3e-5a2f7e95bf80,Hasan Lami Güray,,,,
7ae028e6-a330-47de-894e-065f335e3a14,Özgür Özgüler,,,,
95f7c24e-2879-4abb-ba35-906c467fc704,Pietro Mascagni,"?, Italy",,,
93680e86-21a6-4b57-846f-e6b9e1427b3a,Müzeyyen Pınar,,,,
58332ec2-86cc-48d5-ae8a-cae826871826,Frenk Mustafa,"France, Turkey",,,
7d696164-31e4-4316-a2b1-3ce992843f9d,Şeyh Vefa Efendi,,,,
770614da-a074-450e-9c70-62cb90a1cd35,İstanbul Tarihi Türk Müziği Topluluğu,Group,,,
7b760a7e-0233-41d4-9741-1ac37cba5d37,Sadrettin Özçimi,,,,
ea387402-50bd-47b2-9218-71da371de905,Nahit Hilmi Özeren,,,,
8dd06d8b-b1f6-409e-b46d-4539a59f715e,Faiz Kapancı,,1871,,3
6ab6ccfa-883f-42b0-a90b-281ece53848b,Selahattin Demirtaş,,1912,,
68d9e4a7-006c-426c-98d2-ae66a37db7e2,Selahattin Eyüp,,,,
7a3adb1f-ebe6-4dbe-a0cc-c71f034d4091,Volkan Yılmaz,,,,
9389ea28-8b1d-4df8-815e-54d2d49a0732,Cahit Sıtkı Tarancı,,4-10-1910,Diyarbakır,3
66fef5a9-5ceb-4427-9670-017fe1c49786,Sabahattin Ali,,25-2-1907,Gümülcine,4
45125d02-1b21-4f11-a696-0d73f287c8f4,Avni Behram Torumtay,,,,
de6cd7fe-4b1a-4ba5-96bd-b2f40f2d14ff,İsmail Hakkı Nebiloğlu,,1893,,3
d0270f49-5d6f-44e8-b9fa-45a20bc8b191,Münif-i Antaki,,,,
e6f2ce0a-2fae-4cb1-9f6c-924a19a7c9c4,Ömer Bedrettin Uşaklı,,24-8-1904,,4
3dd62977-67bc-4362-afdb-26a34cfbbd25,İsmet Bozdağ,,,,
3953260d-2e38-4189-b4cc-080bba4d7f32,Zarife Özbilen,,,,
ac7f52ea-9d13-4106-b7e3-28bbddec1923,Hüseyin Efendi,,,,
f4eb49f8-a7b0-40e6-89ea-d8ee6d0b7f3d,Nebahat Konu,,,,
ed35266a-702c-474f-be1b-4fb47012d892,Dramalı Hasan Hasgüler,,1896,Drama,3
82933d7c-f6cf-4462-a1b8-6578ada65faa,Asuman Aslım Görgün,,,,
a20a8609-b11c-4421-9de1-19712b60996a,Rıza Bey,,,,
7d3a902a-170c-40db-bcd9-bca4394ac52b,Abdürrahim Künhi Dede,,1769,,2
e1cf066b-243e-40fd-8bf9-22196859fea3,Yılmaz Özer,,,,
11e67d6b-1102-45bf-83c0-70a2177e4a3a,Ayhan Çakır,,,,
972e0750-9a4a-4c5c-9199-acc439ec645d,Nurettin Özdemir,,,,
328f3817-0681-482a-aaec-19898db7bc22,Klasik Türk Müziği Saz Heyeti,Group,,,
2b5496ee-c8cd-4fd6-8a62-f2c0be115d26,Faruk Erdemsel,,,,
557d44d5-32ad-4145-8068-8aab9d999b3d,Gürhan Yaman,,,,
9fcda3ab-a467-4ea9-8569-ae975de0f473,Zeki Müren,,6-12-1931,Bursa,4
eb3cbe06-1140-40b0-996e-e5489ef3f8ab,Mete Edman,,,,
2c2530aa-9cec-4f5e-88b6-f688ef010f7e,Derviş Abdullah,,,,
f908e8ae-fd20-4277-8fb8-7af008f0241a,Veli Dede,,,Bursa,1
402ad352-b89e-4c3b-954d-b0f6b346bbed,Ayfer Çağlayan,,,,
e843f22a-adbf-4c00-aaf6-bc9ce2208378,Ahmet Sedat Başar,,,,
25097a3d-03e9-4d57-a159-ebb9143379ed,Ali N. Askin,,,,
d756c550-5002-4dbd-9663-72a543c7c6fc,Burhan Atalay,,,,4
62d07cb3-85b4-49c5-a35e-3517e903b791,Nuri Ağa,,,,
a4ce8798-1776-47ff-b5bc-acc7a4e97d5b,Aziz Mahmud Hüdai,,,,
552d0d19-5341-44f7-a988-6f45a190d07d,Tanburi Hikmet Bey,,,,3
f1b1b605-59d0-4ef7-b2a6-1f0256187caa,Tarık Kemancı,,,,
0960e70f-ac62-460a-86c4-4539e286b001,İhsan Gündiyer,,,,
5d3aa2cb-79d8-4a2e-ba9b-c78bdb633b2a,Hüceste Aksavrın,,,,
cf715fa2-960b-4681-98b6-d7093dbfc7fe,Yeşim Yeşil Karaibrahimoğlu,,,,
73d1c026-9c69-40b3-ba45-971197a280d7,Hikmet Bey,,,,
f6ba0d78-558c-43ce-8ff0-f305e0aa1bdc,Mustafa İzzet Efendi,,,,4
bd216a6b-532a-47f1-9dfb-f67b585af006,Abdülaziz,,,,
7e980139-3e03-4ff8-b470-0547e91d6550,Oktay Özerden,,,,
c299e778-611b-4702-9602-00474220ceac,John Playford,"?, UK",,,
7d28c915-55b3-486e-9b10-f402e45badfb,Mehmet Arif Erdebil,,,,
69b282bf-09b4-4286-812e-1a9f3f3d06bb,Naci Songur,,,,
65803e8c-3b03-48bd-b2fc-a1516f8dfc6d,Hafız Osman,,,,
a211fc89-02ab-4924-8463-0de9db87e06c,Ekrem Erdoğru,,,,
8362fb79-c4ae-4e33-aa63-543eddd1b2f1,Ensemble Ulvi Erguner,Group,,,
3dbd62ed-b90e-4a49-a075-4e4e50b0343d,Naime Batanay,,,,
0637b874-7bbd-4dc2-8a54-c56b5f1ea579,Rıfkı Melul Meriç,,,,
0a4b2114-6d31-4eb9-bdfc-70e5e26261d6,Garbis Efendi,,,,3
f66d8e5a-379a-4ff8-885a-bbc7dfd79174,Hasan Ali Yücel,,18-12-1897,İstanbul,3
0710453a-4f57-4aa7-b89a-08a28ed00664,Ata Bahri Çağlayan,,,,
4ab06465-1b36-43d9-974c-c8b0a61ff0cf,Elif Güreşçi Çiftçioğlu,,,,
70c930f4-be11-48c6-97b8-b31547a31497,İbrahim Şentürk,,,,
203b9221-63dd-435a-baa9-1f35aecdad9f,Hilmi Soykut,,1906,Hayfa,4
2f8891f7-97a4-4ac5-a72f-de5c2b0d4629,Nerkis Hanım,,,,
a417a1e6-1839-4f6f-9315-b9f1f37bd968,Osman Bülent Çeviksever,,,,
1cc63772-9b47-473d-8a57-2b8e4911621d,Reha Gizey,,,,
4b660d11-6849-40bc-a174-661cff420fe2,Yılmaz Topuz,,,,
66c4099b-1ce0-43c4-9b31-1c94b268a51b,Hasan Sabri Bey,,1865,,3
ff873b47-2536-4fad-8f79-927ce283f010,Mustafa Gündeğer,,,,
88a1d8fa-6a48-4d25-bee9-c880819e98db,Tevfik Baykara,,,,
c2da5c78-a7d9-403b-8afe-ce6a156277e9,Şahap Gürsel,,,,
840756bd-295c-4e7c-9366-7698a0dd49ea,Mustafa Öztürk,,,,
d7f55bae-0550-453c-86e8-cf130a83e6a1,Zehra Önügören,,,,
fcc1e11e-97cf-41a3-9d66-76a944c96968,Seyfettin Osmanoğlu,,1874,,3
59d8bee3-a751-4849-9f1f-42e9f343baf1,Renaud Garcia-Fons,France,,,
b6869d82-a964-4807-bebb-5ccab4654224,Ahmet Avni Konuk,,1871,,3
8919be74-e039-451a-b5db-aae414b06d65,Hafız Kemal Bey,,,,
c83cc396-996d-4eac-bf22-3de15d05db5c,Musi,,,,
4878b858-86b6-4c44-a4e7-434edd92405c,Şekip Memduh Bey,,1885,,3
5cd572b8-b91d-4a00-965a-b9f1861b7317,Mehmet Esad Efendi (Şeyhülislam),,,,
93351c21-d420-419b-b80e-180bc6b0a2dc,Abdi Coşkun,,,,
65dc6b7d-986d-4984-af1f-34d9e4dd8756,Alaeddin Gözetlik,,,,
b3c724ed-90fd-4796-be4f-9dd84bbb5a47,Izzet Kizil,,,,
0b24634f-b229-43fc-b008-407fa3215853,Kenzi,,,,
be2645c2-0a1a-456d-9275-0a92da06469a,Lebriz Güner,,,,
70c6c7e5-c878-4d28-a07a-36bff1feecf5,Bayram Coşkuner,,,,
09ce9a50-505b-4f0f-945f-59dfe6c51110,Kapril Efendi,,,,
f31cbcc0-ca37-4a1c-851f-09366e94b484,Iannis Kaimakis,"Greece, Greece",,,
e3aa2c81-476b-4bee-b835-94c0c208de09,Mehmed Fahri Kopuz,,,,
9c5c87d2-3718-414b-9470-a5ff802259bc,Fadia el-Hage,"Arabia, Lebanon",,,
8bf07d92-bce8-4eac-817e-3efa3d7c0e07,Didem Dermen,,,,
392fa7ab-f87d-4a07-9c83-bd23130e711b,Sultan Hüseyin Baykara,,,,
efacc51a-5ef6-43d3-b080-72ff860b373e,Osman Nihat Akın,,1905,"Bakırköy, İstanbul",4
839603d6-3abb-4c91-a93f-55b8648741ea,Mehmet Emin Çakıroğlu,,,,
e3eb44b9-f298-4994-8083-797aaba3ea9c,Ergin Kızılay,,,,
d6a7a32a-19be-4a7c-9d22-33c2461db158,Sultan I. Ahmed,,,,
2d000f79-f376-4878-be62-f957e5686f66,İbrahim Ensar,,,,
b359fdcb-e48a-414e-bfb4-539d54a5bb85,Tahir Aydoğdu,,,,
d046d94f-d40e-478f-b328-355efc5646bf,Melda Kurt,,,,
51f0f875-c98d-458a-a8dc-6acb9a8b7d65,Hakan Hataylı,,,,
98d0bc32-ed27-494c-98d9-63313ec4f1ef,Seçil Heper,,,,
5c20750a-f00d-4cf1-8b76-d2f2243e3ceb,Zekai Süer,,,,
8641a771-520b-4cd2-b809-7122c4984231,Ömer Şatıroğlu,,,,
7b00d405-887b-429b-81b9-a7b15ead4a04,Necdet Tokatlıoğlu,,,,4
e31af7af-418f-4047-99cc-78fb17fa0650,Rüştü Şardağ,,1915,Halep,4
c034b94e-8af4-45cb-8de6-815d99fd5092,Suat Sayın,,1932,İstanbul,4
688e7280-c862-4701-b0fc-001fcf2e4521,Gökhan Yüzlüer,,,,
ab2a94ee-5700-4bb8-8449-868a5b859fb8,Daniel Ben Yeuda,,,,
926053f6-c517-4fad-8fce-cbefef21f830,Esma Sultan,,,,
36f99a57-92e4-467b-8c01-035e4e480e05,Kalburcuzade Mehmed Emin Efendi,,,,
33239854-c926-4660-9e0d-d2f28e1aa10c,Mustafa Zekai Efendi,,,,
290b1d44-fd88-4892-8000-7fed7f198744,Enderuni Hafız Hüsnü Efendi,,,,
ef70a09a-7a89-4e92-b655-b23a1a400fd9,Yavuz Özüstün,,,,
9be7f096-97ec-4615-8957-8d40b5dcbc41,[traditional],?,,,
3373f074-198b-4cb1-b4bb-17b433108c8a,Reşat Uca,,,,
4ed9a64f-b485-42ad-82ac-132a40eaad14,Ogün Aktaş,,,,
3d8773d6-1f1d-4f3e-bedc-663d69949ede,Levent Güzel,,,,
f68b323f-630f-4774-802e-e0e15fa82433,Erzurumlu Emrah,,,,
d4ed02e5-cf5f-49a7-83f3-3711b3f1d77d,Münip Utandı,,,,
62cb70ed-0c86-431b-924b-2ad929b41af7,Yılmaz Şanlıel,,,,
9d621e1b-5a6e-4459-987f-ca61202034cf,Ahmet Hatipoğlu,,,,4
dce463ff-daab-4d4d-879e-62e77e71f3f9,Şentürk Deveci,,,,
22b3343f-20f0-489a-8f34-1fae012a606d,Nigar Osman Hanım,,,,
7c8c0a3f-34f9-41e1-a973-10859cbe9877,Kaya Karataş,,,,
2f6eefb7-c283-4fa6-8381-46c7bad9ca14,Hafız Sabri Aksoy,,,,
00a1ed46-983b-460e-aaef-78d5562a7f80,Rahmi Duman,,1908,Kayseri,
15d16e34-c029-40fc-8d78-8a7f24217311,Sadettin Kaynak,,1895,,4
